"post_title","ID","post_content","post_excerpt","post_date","post_name","post_author","post_status","featured_image","nextgen-gallery","post_parent","人数","人数_カテゴリでの人数計算","人数_人数"
"カテゴリテスト","1060",,,"2019-02-19 21:08:19","%e3%82%ab%e3%83%86%e3%82%b4%e3%83%aa%e3%83%86%e3%82%b9%e3%83%88","Demo_staff","publish",,,"0",,"カテゴリで総数とする","30"
"オペラ「眠れる美女～House of theSleeping Beauties～」","1062",,,"2019-02-19 21:15:54","%e3%82%aa%e3%83%9a%e3%83%a9%e3%80%8c%e7%9c%a0%e3%82%8c%e3%82%8b%e7%be%8e%e5%a5%b3%ef%bd%9ehouse-of-thesleeping-beauties%ef%bd%9e%e3%80%8d","Demo_staff","publish",,,"0",,,
"展示","1063",,,"2019-02-19 21:15:55","%e5%b1%95%e7%a4%ba","Demo_staff","publish",,,"0",,,
"建物公開展「アール・デコの花弁　旧朝香宮邸の室内空間」","1064",,,"2019-02-19 21:15:55","%e5%bb%ba%e7%89%a9%e5%85%ac%e9%96%8b%e5%b1%95%e3%80%8c%e3%82%a2%e3%83%bc%e3%83%ab%e3%83%bb%e3%83%87%e3%82%b3%e3%81%ae%e8%8a%b1%e5%bc%81%e3%80%80%e6%97%a7%e6%9c%9d%e9%a6%99%e5%ae%ae%e9%82%b8%e3%81%ae","Demo_staff","publish",,,"0",,,
"尺八（9月24日）","1065",,,"2019-02-19 21:15:56","%e5%b0%ba%e5%85%ab%ef%bc%889%e6%9c%8824%e6%97%a5%ef%bc%89","Demo_staff","publish",,,"0",,,
"屋外収蔵","1066",,,"2019-02-19 21:15:56","%e5%b1%8b%e5%a4%96%e5%8f%8e%e8%94%b5","Demo_staff","publish",,,"0",,,
"パブリック・ミーティング","1067",,,"2019-02-19 21:15:57","%e3%83%91%e3%83%96%e3%83%aa%e3%83%83%e3%82%af%e3%83%bb%e3%83%9f%e3%83%bc%e3%83%86%e3%82%a3%e3%83%b3%e3%82%b0","Demo_staff","publish",,,"0",,,
"【特別展】ゴッホとゴーギャン展","1068",,,"2019-02-19 21:15:57","%e3%80%90%e7%89%b9%e5%88%a5%e5%b1%95%e3%80%91%e3%82%b4%e3%83%83%e3%83%9b%e3%81%a8%e3%82%b4%e3%83%bc%e3%82%ae%e3%83%a3%e3%83%b3%e5%b1%95","Demo_staff","publish",,,"0",,,
"東京芸術劇場パイプオルガンコンサート vol.21 エドガー・クラップ　オルガン・リサイタル","1069",,,"2019-02-19 21:15:58","%e6%9d%b1%e4%ba%ac%e8%8a%b8%e8%a1%93%e5%8a%87%e5%a0%b4%e3%83%91%e3%82%a4%e3%83%97%e3%82%aa%e3%83%ab%e3%82%ac%e3%83%b3%e3%82%b3%e3%83%b3%e3%82%b5%e3%83%bc%e3%83%88-vol-21-%e3%82%a8%e3%83%89%e3%82%ac","Demo_staff","publish",,,"0",,,
"【ミュージアムトーク】","1070",,,"2019-02-19 21:15:58","%e3%80%90%e3%83%9f%e3%83%a5%e3%83%bc%e3%82%b8%e3%82%a2%e3%83%a0%e3%83%88%e3%83%bc%e3%82%af%e3%80%91","Demo_staff","publish",,,"0",,,
"【ビジターセンター展示】","1071",,,"2019-02-19 21:15:59","%e3%80%90%e3%83%93%e3%82%b8%e3%82%bf%e3%83%bc%e3%82%bb%e3%83%b3%e3%82%bf%e3%83%bc%e5%b1%95%e7%a4%ba%e3%80%91","Demo_staff","publish",,,"0",,,"14830"
"東京キャラバンin 六本木","1072",,,"2019-02-19 21:16:00","%e6%9d%b1%e4%ba%ac%e3%82%ad%e3%83%a3%e3%83%a9%e3%83%90%e3%83%b3in-%e5%85%ad%e6%9c%ac%e6%9c%a8","Demo_staff","publish",,,"0",,,
"伝統芸能公演","1073",,,"2019-02-19 21:16:01","%e4%bc%9d%e7%b5%b1%e8%8a%b8%e8%83%bd%e5%85%ac%e6%bc%94","Demo_staff","publish",,,"0",,,
"建物公開展「アール・デコの花弁　旧朝香宮邸の室内空間」","1074",,,"2019-02-19 21:16:02","%e5%bb%ba%e7%89%a9%e5%85%ac%e9%96%8b%e5%b1%95%e3%80%8c%e3%82%a2%e3%83%bc%e3%83%ab%e3%83%bb%e3%83%87%e3%82%b3%e3%81%ae%e8%8a%b1%e5%bc%81%e3%80%80%e6%97%a7%e6%9c%9d%e9%a6%99%e5%ae%ae%e9%82%b8%e3%81%ae-2","Demo_staff","publish",,,"0",,,"67646"
"第5回　外山啓介　ピアノ・リサイタル","1075",,,"2019-02-19 21:16:02","%e7%ac%ac5%e5%9b%9e%e3%80%80%e5%a4%96%e5%b1%b1%e5%95%93%e4%bb%8b%e3%80%80%e3%83%94%e3%82%a2%e3%83%8e%e3%83%bb%e3%83%aa%e3%82%b5%e3%82%a4%e3%82%bf%e3%83%ab","Demo_staff","publish",,,"0",,,
"クリスチャン・ボルタンスキー　アニミタス _さざめく亡霊たち","1076",,,"2019-02-19 21:16:03","%e3%82%af%e3%83%aa%e3%82%b9%e3%83%81%e3%83%a3%e3%83%b3%e3%83%bb%e3%83%9c%e3%83%ab%e3%82%bf%e3%83%b3%e3%82%b9%e3%82%ad%e3%83%bc%e3%80%80%e3%82%a2%e3%83%8b%e3%83%9f%e3%82%bf%e3%82%b9-_%e3%81%95%e3%81%96","Demo_staff","publish",,,"0",,,
"並河靖之七宝展　明治七宝の誘惑―透明な黒の感性","1077",,,"2019-02-19 21:16:04","%e4%b8%a6%e6%b2%b3%e9%9d%96%e4%b9%8b%e4%b8%83%e5%ae%9d%e5%b1%95%e3%80%80%e6%98%8e%e6%b2%bb%e4%b8%83%e5%ae%9d%e3%81%ae%e8%aa%98%e6%83%91%e2%80%95%e9%80%8f%e6%98%8e%e3%81%aa%e9%bb%92%e3%81%ae%e6%84%9f","Demo_staff","publish",,,"0",,,
"スクールプログラム","1078",,,"2019-02-19 21:16:04","%e3%82%b9%e3%82%af%e3%83%bc%e3%83%ab%e3%83%97%e3%83%ad%e3%82%b0%e3%83%a9%e3%83%a0","Demo_staff","publish",,,"0",,,
"「あーととあそぶにわ」","1079",,,"2019-02-19 21:16:05","%e3%80%8c%e3%81%82%e3%83%bc%e3%81%a8%e3%81%a8%e3%81%82%e3%81%9d%e3%81%b6%e3%81%ab%e3%82%8f%e3%80%8d","Demo_staff","publish",,,"0",,,
"PROGRAM_B｜Installation / dance / Live","1080",,,"2019-02-19 21:16:05","program_b%ef%bd%9cinstallation-dance-live","Demo_staff","publish",,,"0",,,
"ウェルカムルームの運営","1081",,,"2019-02-19 21:16:08","%e3%82%a6%e3%82%a7%e3%83%ab%e3%82%ab%e3%83%a0%e3%83%ab%e3%83%bc%e3%83%a0%e3%81%ae%e9%81%8b%e5%96%b6","Demo_staff","publish",,,"0",,,
"ギャラリークルーズ","1082",,,"2019-02-19 21:16:09","%e3%82%ae%e3%83%a3%e3%83%a9%e3%83%aa%e3%83%bc%e3%82%af%e3%83%ab%e3%83%bc%e3%82%ba","Demo_staff","publish",,,"0",,,"697"
"東北六魂祭パレード","1083",,,"2019-02-19 21:16:13","%e6%9d%b1%e5%8c%97%e5%85%ad%e9%ad%82%e7%a5%ad%e3%83%91%e3%83%ac%e3%83%bc%e3%83%89","Demo_staff","publish",,,"0",,,
"熈代ステージ","1084",,,"2019-02-19 21:16:14","%e7%86%88%e4%bb%a3%e3%82%b9%e3%83%86%e3%83%bc%e3%82%b8","Demo_staff","publish",,,"0",,,"10,310"
"総合開館20周年記念シンポジウム「写真美術館はなぜ、必要か」","1085",,,"2019-02-19 21:16:17","%e7%b7%8f%e5%90%88%e9%96%8b%e9%a4%a820%e5%91%a8%e5%b9%b4%e8%a8%98%e5%bf%b5%e3%82%b7%e3%83%b3%e3%83%9d%e3%82%b8%e3%82%a6%e3%83%a0%e3%80%8c%e5%86%99%e7%9c%9f%e7%be%8e%e8%a1%93%e9%a4%a8%e3%81%af%e3%81%aa","Demo_staff","publish",,,"0",,,
"第815回Ｂ","1086",,,"2019-02-19 21:16:19","%e7%ac%ac815%e5%9b%9e%ef%bd%82","Demo_staff","publish",,,"0",,,
"No.370","1087",,,"2019-02-19 21:16:19","no-370","Demo_staff","publish",,,"0",,,
"都響スペシャル「第九」","1088",,,"2019-02-19 21:16:20","%e9%83%bd%e9%9f%bf%e3%82%b9%e3%83%9a%e3%82%b7%e3%83%a3%e3%83%ab%e3%80%8c%e7%ac%ac%e4%b9%9d%e3%80%8d","Demo_staff","publish",,,"0",,,
"クラシカル・プレイヤーズ東京　演奏会","1089",,,"2019-02-19 21:16:21","%e3%82%af%e3%83%a9%e3%82%b7%e3%82%ab%e3%83%ab%e3%83%bb%e3%83%97%e3%83%ac%e3%82%a4%e3%83%a4%e3%83%bc%e3%82%ba%e6%9d%b1%e4%ba%ac%e3%80%80%e6%bc%94%e5%a5%8f%e4%bc%9a","Demo_staff","publish",,,"0",,,
"調布シリーズ","1090",,,"2019-02-19 21:16:24","%e8%aa%bf%e5%b8%83%e3%82%b7%e3%83%aa%e3%83%bc%e3%82%ba","Demo_staff","publish",,,"0",,,"1000"
"展示関連パフォーマンス","1091",,,"2019-02-19 21:17:43","%e5%b1%95%e7%a4%ba%e9%96%a2%e9%80%a3%e3%83%91%e3%83%95%e3%82%a9%e3%83%bc%e3%83%9e%e3%83%b3%e3%82%b9","Demo_staff","publish",,,"0",,,"510"
"ギャラリートーク","1092",,,"2019-02-19 21:17:43","%e3%82%ae%e3%83%a3%e3%83%a9%e3%83%aa%e3%83%bc%e3%83%88%e3%83%bc%e3%82%af","Demo_staff","publish",,,"0",,,
"奇術・落語（9月25日）","1093",,,"2019-02-19 21:17:44","%e5%a5%87%e8%a1%93%e3%83%bb%e8%90%bd%e8%aa%9e%ef%bc%889%e6%9c%8825%e6%97%a5%ef%bc%89","Demo_staff","publish",,,"0",,,
"武蔵野の歴史と考古学－江戸東京たてもの園収蔵品展－","1094",,,"2019-02-19 21:17:44","%e6%ad%a6%e8%94%b5%e9%87%8e%e3%81%ae%e6%ad%b4%e5%8f%b2%e3%81%a8%e8%80%83%e5%8f%a4%e5%ad%a6%ef%bc%8d%e6%b1%9f%e6%88%b8%e6%9d%b1%e4%ba%ac%e3%81%9f%e3%81%a6%e3%82%82%e3%81%ae%e5%9c%92%e5%8f%8e%e8%94%b5","Demo_staff","publish",,,"0",,,
"MOT スペース","1095",,,"2019-02-19 21:17:45","mot-%e3%82%b9%e3%83%9a%e3%83%bc%e3%82%b9","Demo_staff","publish",,,"0",,,
"東京芸術劇場ランチタイム・パイプオルガンコンサート","1096",,,"2019-02-19 21:17:46","%e6%9d%b1%e4%ba%ac%e8%8a%b8%e8%a1%93%e5%8a%87%e5%a0%b4%e3%83%a9%e3%83%b3%e3%83%81%e3%82%bf%e3%82%a4%e3%83%a0%e3%83%bb%e3%83%91%e3%82%a4%e3%83%97%e3%82%aa%e3%83%ab%e3%82%ac%e3%83%b3%e3%82%b3%e3%83%b3","Demo_staff","publish",,,"0",,,
"【ミュージアムセミナー たてもの園セミナー】","1097",,,"2019-02-19 21:17:46","%e3%80%90%e3%83%9f%e3%83%a5%e3%83%bc%e3%82%b8%e3%82%a2%e3%83%a0%e3%82%bb%e3%83%9f%e3%83%8a%e3%83%bc-%e3%81%9f%e3%81%a6%e3%82%82%e3%81%ae%e5%9c%92%e3%82%bb%e3%83%9f%e3%83%8a%e3%83%bc%e3%80%91","Demo_staff","publish",,,"0",,,
"ギャラリートーク","1098",,,"2019-02-19 21:17:49","%e3%82%ae%e3%83%a3%e3%83%a9%e3%83%aa%e3%83%bc%e3%83%88%e3%83%bc%e3%82%af-2","Demo_staff","publish",,,"0",,,
"第6回　小川典子　ピアノ・リサイタル","1099",,,"2019-02-19 21:17:50","%e7%ac%ac6%e5%9b%9e%e3%80%80%e5%b0%8f%e5%b7%9d%e5%85%b8%e5%ad%90%e3%80%80%e3%83%94%e3%82%a2%e3%83%8e%e3%83%bb%e3%83%aa%e3%82%b5%e3%82%a4%e3%82%bf%e3%83%ab","Demo_staff","publish",,,"0",,,
"記念講演会","1100",,,"2019-02-19 21:17:50","%e8%a8%98%e5%bf%b5%e8%ac%9b%e6%bc%94%e4%bc%9a","Demo_staff","publish",,,"0",,,
"記念講演会「ヴィクトリア&アルバート博物館における日本の明治七宝コレクション」","1101",,,"2019-02-19 21:17:51","%e8%a8%98%e5%bf%b5%e8%ac%9b%e6%bc%94%e4%bc%9a%e3%80%8c%e3%83%b4%e3%82%a3%e3%82%af%e3%83%88%e3%83%aa%e3%82%a2%e3%82%a2%e3%83%ab%e3%83%90%e3%83%bc%e3%83%88%e5%8d%9a%e7%89%a9%e9%a4%a8%e3%81%ab%e3%81%8a","Demo_staff","publish",,,"0",,,
"学校団体との連携","1102",,,"2019-02-19 21:17:52","%e5%ad%a6%e6%a0%a1%e5%9b%a3%e4%bd%93%e3%81%a8%e3%81%ae%e9%80%a3%e6%90%ba","Demo_staff","publish",,,"0",,,
"「五感と想像力で歩く建築ツアー」","1103",,,"2019-02-19 21:17:52","%e3%80%8c%e4%ba%94%e6%84%9f%e3%81%a8%e6%83%b3%e5%83%8f%e5%8a%9b%e3%81%a7%e6%ad%a9%e3%81%8f%e5%bb%ba%e7%af%89%e3%83%84%e3%82%a2%e3%83%bc%e3%80%8d","Demo_staff","publish",,,"0",,,
"PROGRAM_C｜Live / streaming","1104",,,"2019-02-19 21:17:53","program_c%ef%bd%9clive-streaming","Demo_staff","publish",,,"0",,,
"団体鑑賞教室","1105",,,"2019-02-19 21:17:57","%e5%9b%a3%e4%bd%93%e9%91%91%e8%b3%9e%e6%95%99%e5%ae%a4","Demo_staff","publish",,,"0",,,"2,984"
"東北×東京フェスタ","1106",,,"2019-02-19 21:18:01","%e6%9d%b1%e5%8c%97x%e6%9d%b1%e4%ba%ac%e3%83%95%e3%82%a7%e3%82%b9%e3%82%bf","Demo_staff","publish",,,"0",,,
"伝統体験塾","1107",,,"2019-02-19 21:18:01","%e4%bc%9d%e7%b5%b1%e4%bd%93%e9%a8%93%e5%a1%be","Demo_staff","publish",,,"0",,,"151"
"総合開館20周年記念「初期写真国際シンポジウム　幕末」","1108",,,"2019-02-19 21:18:05","%e7%b7%8f%e5%90%88%e9%96%8b%e9%a4%a820%e5%91%a8%e5%b9%b4%e8%a8%98%e5%bf%b5%e3%80%8c%e5%88%9d%e6%9c%9f%e5%86%99%e7%9c%9f%e5%9b%bd%e9%9a%9b%e3%82%b7%e3%83%b3%e3%83%9d%e3%82%b8%e3%82%a6%e3%83%a0%e3%80%80","Demo_staff","publish",,,"0",,,
"第816回Ｃ","1109",,,"2019-02-19 21:18:07","%e7%ac%ac816%e5%9b%9e%ef%bd%83","Demo_staff","publish",,,"0",,,
"No.371","1110",,,"2019-02-19 21:18:07","no-371","Demo_staff","publish",,,"0",,,
"都響・八王子シリーズ　ロシア＆チェコのノスタルジア ─郷愁を誘う音楽","1111",,,"2019-02-19 21:18:08","%e9%83%bd%e9%9f%bf%e3%83%bb%e5%85%ab%e7%8e%8b%e5%ad%90%e3%82%b7%e3%83%aa%e3%83%bc%e3%82%ba%e3%80%80%e3%83%ad%e3%82%b7%e3%82%a2%ef%bc%86%e3%83%81%e3%82%a7%e3%82%b3%e3%81%ae%e3%83%8e%e3%82%b9%e3%82%bf","Demo_staff","publish",,,"0",,,
"ボクとわたしとオーケストラ","1112",,,"2019-02-19 21:18:12","%e3%83%9c%e3%82%af%e3%81%a8%e3%82%8f%e3%81%9f%e3%81%97%e3%81%a8%e3%82%aa%e3%83%bc%e3%82%b1%e3%82%b9%e3%83%88%e3%83%a9","Demo_staff","publish",,,"0",,,"3666"
"展示関連パフォーマンス","1113",,,"2019-02-19 21:18:31","%e5%b1%95%e7%a4%ba%e9%96%a2%e9%80%a3%e3%83%91%e3%83%95%e3%82%a9%e3%83%bc%e3%83%9e%e3%83%b3%e3%82%b9-2","Demo_staff","publish",,,"0",,,"510"
"ギャラリートーク","1114",,,"2019-02-19 21:18:31","%e3%82%ae%e3%83%a3%e3%83%a9%e3%83%aa%e3%83%bc%e3%83%88%e3%83%bc%e3%82%af-3","Demo_staff","publish",,,"0",,,
"奇術・落語（9月25日）","1115",,,"2019-02-19 21:18:32","%e5%a5%87%e8%a1%93%e3%83%bb%e8%90%bd%e8%aa%9e%ef%bc%889%e6%9c%8825%e6%97%a5%ef%bc%89-2","Demo_staff","publish",,,"0",,,
"武蔵野の歴史と考古学－江戸東京たてもの園収蔵品展－","1116",,,"2019-02-19 21:18:32","%e6%ad%a6%e8%94%b5%e9%87%8e%e3%81%ae%e6%ad%b4%e5%8f%b2%e3%81%a8%e8%80%83%e5%8f%a4%e5%ad%a6%ef%bc%8d%e6%b1%9f%e6%88%b8%e6%9d%b1%e4%ba%ac%e3%81%9f%e3%81%a6%e3%82%82%e3%81%ae%e5%9c%92%e5%8f%8e%e8%94%b5-2","Demo_staff","publish",,,"0",,,
