id,Title,開催年度
20,プログラムテストデータ,
68,プログラムテストデータ２,
208,サブプログラム,
273,TOPコレクション東京・TOKYO,2018
274,ワークショップ★該当事業不明削除対象,2018
281,"プログラム 1",2015
282,"プログラム 2",2015
283,"プログラム 3",2015
323,オフサイト展示・ガイドツアー,2016
334,日仏会館ギャラリー,2016
335,レイ・レイ,2016
336,ガブリエラ・マンガノ＆シルヴァーナ・マンガノ《そこはそこにない》,2016
337,上映,2016
338,オフサイト展示,2016
339,豊嶋康子,2016
340,ロバート・ノース＆アントワネット・デ・ヨング,2016
341,荒木博志、岡田邦雄、佐々木聖（地域連携プログラム：LIBRAIRIE6）,2016
342,崟利子,2016
344,金氏徹平、木ノ下智恵子,2016
345,澤田知子,2016
346,森村泰昌,2016
347,石川卓磨,2016
349,"Ⅰ.YEBIZOナイツ | Side A：マルチプル／アナログ",2016
350,"Ⅱ. YEBIZOナイツ｜ Side B：マルチプル／キカイ",2016
351,"【総合開館20周年記念事業 第９回恵比寿映像祭】笹本晃《デリケート・サイクル》",2016
352,"シンポジウム ［日仏会館 共催企画］ シネマトグラフ日本伝来 ――稲畑勝太郎とリュミ エール",2016
353,"A.「マルチプルな未来」へ Part 1：芸術とスペキュラティヴ・コモンズ",2016
354,"B.「マルチプルな未来」へ Part 2：マージナルな映像アーカイヴィングの可能性",2016
355,"C.イヴォンヌ・レイナーをめぐって ――ポストモダンダンスと映像の間",2016
356,"D.スーザン・ソンタグ ――その思考と生き方に学ぶ",2016
357,地域連携プログラム,2016
358,"「YEBIZO MEETS」Ⅱ 地域発信トーク：伊東建築塾",2016
359,"「YEBIZO MEETS」Ⅲ リンクセッション：オーストリア大使館・オーストリア文化フォーラム",2016
360,"「YEBIZO MEETS」Ⅳ 地域連携発信 特別イヴェント 「ダンス保育園！！」",2016
361,地域連携プログラム※削除,2016
368,【建物公開展「アール・デコの花弁　旧朝香宮邸の室内空間」】アール・デコの花弁　旧朝香宮邸の室内空間sample,2016
370,【建物公開展「アール・デコの花弁　旧朝香宮邸の室内空間」】ギャラリートークsample,2016
372,【建物公開展「アール・デコの花弁　旧朝香宮邸の室内空間」】トークイベント「昭和の美術タイルと旧朝香宮邸」sample,2016
373,【建物公開展「アール・デコの花弁　旧朝香宮邸の室内空間」】トークイベント「ディテールのアール・デコ　旧朝香宮邸の室内空間」sample,2016
375,尺八（9月24日）,2016
376,奇術・落語（9月25日）,2016
377,筝・尺八（10月1日）,2016
378,太神楽・落語（10月2日）,2016
379,尺八・津軽三味線（10月8日）,2016
380,紙切り・落語（10月9日）,2016
381,津軽三味線（10月10日）,2016
382,津軽三味線（10月15日）,2016
383,奇術・落語（10月16日）,2016
384,津軽三味線（10月22日）,2016
386,綱島家年中行事,2016
387,武蔵野の歴史と考古学－江戸東京たてもの園収蔵品展－,2016
388,川崎平右衛門－武蔵野新田開発の立役者,2016
389,体験！発見！職人さん,2016
390,紅葉とたてもののライトアップ,2016
392,正月飾りづくり,2016
394,たてもの園フェスティバル,2016
395,伝統工芸の実演,2016
397,パブリック・ミーティング,2016
401,旧駄菓子屋,2016
402,グランチェスター・ハウス,2016
403,赤い庇の旧印刷所,2016
404,Ｆ邸,2016
405,深川資料館通り商店街協同組合事務所,2016
408,【特別展】ゴッホとゴーギャン展,2016
409,"オペラ「眠れる美女～House of theSleeping Beauties～」",2016
410,映画「眠れる美女」特別上映会,2016
411,日本･ベルギー交流150年の歴史,2016
414,"東京芸術劇場パイプオルガンコンサート vol.21 エドガー・クラップ　オルガン・リサイタル",2016
415,東京芸術劇場ランチタイム・パイプオルガンコンサート　Vol.118,2016
416,東京芸術劇場ランチタイム・パイプオルガンコンサート　Vol.119,2016
417,東京芸術劇場ナイトタイム・パイプオルガンコンサートVol.16,2016
418,"第66回 ～音のレシピのひみつ～　第2回　ヴェルサイユのオルガニストたち",2016
443,民家の間取りと格式,2016
445,鉄道の歴史と都電,2016
446,川野商店,2016
447,大川邸とクリスマス,2016
448,子宝湯と東京の銭湯,2016
449,特別展「川崎平右衛門」みどころ,2016
450,万世橋交番,2016
451,享保の改革と川崎平右衛門,2016
452,建築博物館を楽しもう！①「国立近現代建築資料館―その役割と楽しみ方―」,2016
453,建築博物館を楽しもう！②「海外の事例に学ぶ―イギリス、アメリカの建築博物館事情―」,2016
454,建築博物館を楽しもう！③「明治村からたてもの園へ―ライバルへのメッセージ―」,2016
455,スクールプログラム,2016
457,博物館ボランティア,2016
459,江戸東京でおもてなし,2016
460,東京くらしの木檜と杉展,2016
463,江戸の正月を楽しもう,2016
464,正月の昔あそび,2016
468,"東京キャラバンin 六本木",2016
470,大江戸寄席と花街おどり,2016
471,第17回　多摩川流域郷土芸能フェスティバル,2016
472,「FORM」,2016
473,伝統芸能普及公演　ケルティック能「鷹姫」,2016
481,公益財団法人港区スポーツふれあい文化健康財団,2016
488,"江戸川区総合文化センター指定 管理者　サントリーパブリシティサービス株式会社",2016
489,公益財団法人新宿未来創造財団,2016
490,"足立区西新井文化ホール指定管 理者構成企業　株式会社JTB コミュニケーションデザイン",2016
491,羽村市,2016
492,公益財団法人大田区文化振興協会,2016
493,公益財団法人板橋区文化・国際交流財団,2016
494,公益財団法人調布市文化・コミュニティ振興財団,2016
495,昭島市,2016
496,公益財団法人品川文化振興事業団,2016
497,公益財団法人府中文化振興財団,2016
498,公益財団法人江東区文化コミュニティ財団,2016
499,公益財団法人目黒区芸術文化振興財団,2016
500,公益財団法人武蔵野文化事業団,2016
501,武蔵村山市民会館（指定管理者株式会社ケイミックス）,2016
502,"西東京市保谷こもれびホール指定管理者　株式会社JTB コミュニケーションデザイン",2016
503,公益財団法人多摩市文化振興財団,2016
504,公益財団法人北区文化振興財団,2016
505,小金井市民交流センター指定管理者　こがねいしてぃ共同事業体　サントリーパブリシティサービス株式会社,2016
506,公益財団法人練馬区文化振興協会,2016
507,秋川キララホール指定管理者代表団体　株式会社コンベンションリンケージ,2016
508,葛飾区文化施設指定管理者株式会社キョードー東京,2016
511,公益財団法人くにたち文化・スポーツ振興財団,2016
515,建物公開展「アール・デコの花弁　旧朝香宮邸の室内空間」,2016
520,ギャラリートーク,2016
523,トークイベント「昭和の美術タイルと旧朝香宮邸」,2016
524,トークイベント「ディテールのアール・デコ　旧朝香宮邸の室内空間」,2016
526,第5回　外山啓介　ピアノ・リサイタル,2016
527,第6回　小川典子　ピアノ・リサイタル,2016
528,第7回　吉野直子　ハープ・リサイタル,2016
529,第8回　漆原啓子・漆原朝子　ヴァイオリンデュオ・リサイタル,2016
530,第9回　山根一仁　ヴァイオリン・リサイタル,2016
532,第10回　及川浩治　ピアノ・リサイタル,2016
535,"クリスチャン・ボルタンスキー　アニミタス _さざめく亡霊たち",2016
537,記念講演会,2016
541,「インスタレーションと鑑賞者のエモーショナルな関係」,2016
542,「一風変わった幼少期からアーティストボルタンスキーの誕生」,2016
543,キュレーター・トーク,2016
544,インターン・トーク,2016
549,笹本晃《デリケート・サイクル》,2016
561,立教大学（2016年9月30日）,2016
562,"帝京科学大学 看護学科（2016年10月12日）",2016
563,武蔵大学（2016年10月15日）,2016
564,写真表現大学（2016年10月16日）,2016
565,港区立白金の丘小学校（2016年10月21日）,2016
566,目黒区立駒場小学校（2016年10月25日）,2016
567,"公立高校定時制通信制 芸術祭展示部門生徒研修会（2016年10月30日）",2016
568,"東京都図画工作研究会 美術館連携局（2016年9月22日）",2016
569,"日本大学 通信教育部（2016年11月18日）",2016
570,中野区図工部会（2016年11月9日）,2016
571,渋谷区立加計塚小学校（2016年11月25日）,2016
572,"リニューアル・オープン／総合開館20周年記念事業 杉本博司　ロスト・ヒューマン",2016
573,"British School in Tokyo（2016年11月4日）",2016
574,渋谷区立加計塚小学校（2016年11月29日）,2016
575,杉並区立東田中学校（2016年12月2日）,2016
576,目黒区立向原小学校（2016年12月6日）,2016
577,渋谷区立加計塚小学校（2016年12月8日）,2016
578,女子聖学院中学校（2016年12月10日）,2016
579,港区立南山小学校（2017年1月17日）,2016
580,"明治学院高校（2017年1月13日 16:00-17:00）",2016
581,"明治学院高校（2017年1月13日 13:30-15:50）",2016
582,港区立御田小学校（2016年12月16日）,2016
583,渋谷区立加計塚小学校（2016年12月15日）,2016
584,筑波大付属駒場中・高等学校（2016年12月14日）,2016
585,江戸川区立第三松江小学校（2016年12月13日）,2016
586,渋谷区立常磐松小学校（2017年1月19日）,2016
587,渋谷区立広尾小学校（2017年1月20日）,2016
588,都立葛飾野高校（2017年1月21日）,2016
589,北海道大学岩見沢校（2017年1月21日）,2016
591,明治学院高校（2017年3月14日）,2016
592,獨協埼玉中学高等学校（2017年1月29日）,2016
593,目黒区立大鳥中学校（2017年1月26日）,2016
594,"総合開館20周年記念事業 山崎博　計画と偶然",2016
595,並河靖之七宝展　明治七宝の誘惑―透明な黒の感性,2016
596,記念講演会「ヴィクトリア&アルバート博物館における日本の明治七宝コレクション」,2016
597,トークイベント「並河七宝の息をのむ美しさの秘密　―現代の視点から見る明治工芸―」,2016
598,ワークショップ「身につける七宝づくり―蝶のモチーフ」,2016
600,第7回「クリスチャン・ボルタンスキー」「アール・デコの花弁」に関連したプログラム「おばけとわたしのちず」,2016
601,第8回「クリスチャン・ボルタンスキー」「アール・デコの花弁」に関連したプログラム「おばけとわたしのちず」,2016
602,第9回「クリスチャン・ボルタンスキー」「アール・デコの花弁」に関連したプログラム「おばけとわたしのちず」,2016
603,第10回「並河靖之七宝展」に関連したプログラム「ちょうちょでじゃんけん」,2016
604,第11回「並河靖之七宝展」に関連したプログラム「ちょうちょでじゃんけん」,2016
605,第12回「並河靖之七宝展」に関連したプログラム「ちょうちょでじゃんけん」,2016
606,「五感と想像力で歩く建築ツアー」手話の回,2016
607,「五感と想像力で歩く建築ツアー」,2016
608,「ここクリエイション」東山佳永「透明になるためのプラクティス」,2016
610,"PROGRAM_B｜Installation / dance / Live",2016
611,"PROGRAM_C｜Live / streaming",2016
613,"PROGRAM_D｜Installation / Screening / Live",2016
621,"リニューアル・オープン／総合開館20周年記念事業 杉本博司 ロスト・ヒューマン　ギャラリートーク",2016
627,"総合開館20周年記念事業 ＴＯＰコレクション 東京・ＴＯＫＹＯ",2016
630,"列聖記念 マザー・テレサ映画祭",2016
634,庭園公開,2016
636,ウェルカムルームの運営,2016
641,江東区民まつり・クルーズ「MOTおもしろプログラム」,2016
646,ミュージアム・スクール（学校団体による作品鑑賞）,2016
647,東京都図画工作研究会　西多摩大会,2016
648,フォトドキュメンタリー　ワークショップ2016,2016
649,"モノクロ銀塩プリント ワークショップ（A/Bコース）",2016
650,"モノクロ銀塩プリント ワークショップ（C/Dコース）",2016
651,TOPコレクション展関連　対話による鑑賞プログラム（Aコース）,2016
652,TOPコレクション展関連　対話による鑑賞プログラム（Bコース）,2016
653,"モノクロ銀塩プリント ワークショップ（A/Bコース）",2016
654,"高校生限定 暗室でモノクロ写真プリント ワークショップ（Aコース）  ",2016
656,淺井裕介,2016
657,"高校生限定 暗室でモノクロ写真プリント ワークショップ（Bコース）",2016
658,"モノクロ銀塩プリント ワークショップ（C/Dコース）",2016
668,森千裕,2016
669,関根直子,2016
670,"リニューアル・オープン／総合開館20周年記念事業 杉本博司ロスト・ヒューマン 映画『羅生門』上映",2016
671,"リニューアル・オープン／総合開館20周年記念事業 杉本博司ロスト・ヒューマン 映画『杉本博司 作 朗読能「巣鴨塚」』上映",2016
672,"総合開館20周年記念事業 東京・TOKYO　日本の新進作家vol.13 作家とゲストによる対談（元田敬三×石川竜一）",2016
674,"写真新世紀東京展2016 映像レクチャー テーマ：「映像表現の可能性、さわ ひらきの仕事」",2016
675,"写真新世紀東京展2016 写真レクチャー テーマ：「ヨーロッパ写真の現在、フォトグラファーズギャラリーのビジョン」",2016
676,"写真新世紀東京展2016 ポートフォリオレビュー",2016
677,写真新世紀東京展2016　グランプリ選出公開審査会、表彰式,2016
678,"夜明けまえ 知られざる日本写真開拓史 総集編 初期写真 国際シンポジウム「幕末」",2016
679,"山崎博　計画と偶然 対談「山崎博をめぐって」",2016
680,"総合開館20周年記念事業／収蔵映像展 アピチャッポン・ウィーラセタクン 亡霊たち 映画『アピチャッポン本人が選ぶ短編集』上映",2016
688,総合開館20周年記念事業　東京・TOKYO　日本の新進作家vol.13,2016
689,内海聖史,2016
691,"総合開館20周年記念事業　アピチャッポン・ウィーラセタクン 亡霊たち",2016
693,石田尚志,2016
695,"総合開館20周年記念事業 夜明けまえ 知られざる日本写真開拓史　総集編",2016
696,泉太郎,2016
697,山川冬樹,2016
698,大人のための教育プログラム（ガイドスタッフによるギャラリートーク）,2016
699,"総合開館20周年記念事業 東京・TOKYO　日本の新進作家vol.13 作家とゲストによる対談（小島康敬×小林美香）",2016
700,"総合開館20周年記念事業 東京・TOKYO　日本の新進作家vol.13 作家とゲストによる対談（田代一倫×倉石信乃）",2016
701,"総合開館20周年記念事業 東京・TOKYO　日本の新進作家vol.13 作家とゲストによる対談（中藤毅彦×田原桂一）",2016
702,"総合開館20周年記念事業 東京・TOKYO　日本の新進作家vol.13 作家とゲストによる対談（佐藤信太郎×大西みつぐ）",2016
703,"総合開館20周年記念事業 東京・TOKYO　日本の新進作家vol.13 作家とゲストによる対談（野村恵子×石川直樹）",2016
704,台東区立金竜小学校（2016年11月9日）,2016
705,台東区立田原小学校（2016年11月17日）,2016
706,世田谷区立八幡小学校（2016年11月30日）,2016
707,台東区立松葉小学校（2016年12月5日）,2016
708,台東区立東泉小学校（2016年12月9日）,2016
709,清瀬市立芝山小学校（2016年12月15日）,2016
710,台東区立育英幼稚園（2016年12月19日）,2016
711,台東区立田原幼稚園（2016年12月20日）,2016
712,江東区立大島幼稚園（2017年1月11日）,2016
713,港区立芝小学校（2017年2月6日）,2016
714,台東区立東上野保育園（2017年2月7日）,2016
716,滝野川女子学園中学高等学校（2016年10月15日～11月3日）,2016
717,練馬区立豊玉小学校（2016年11月28日～2017年3月12日）,2016
719,コンサートオペラシリーズ　モーツァルト／歌劇『コジ･ファン･トゥッテ』,2016
723,シアターオペラシリーズ　プッチーニ／歌劇『蝶々夫人』,2016
725,東北六魂祭パレード,2016
726,仙台七夕飾りの展示装飾／総合インフォメーション／東北６市（県）の観光情報カウンター,2016
727,ステージイベント,2016
728,伝統工芸ワークショップ,2016
729,"東北６県および東京都のPR ブース",2016
730,オープニングトーク,2016
731,"トークセッション１　「CG はいかに「映像業界」の外へ拡張できるのか」",2016
732,"トークセッション2　「ゲームクリエイティヴ＆ビヨンド ～VR とゲームエンジンがもたらす創造の拡張～」",2016
734,"Taste of TOHOKU",2016
735,"MINATO 70th × TOHOKU PARK",2016
737,熈代ステージ,2016
743,"総合開館20周年記念事業 ／収蔵映像展  アピチャッポン・ウィーラセタクン 亡霊たち シンポジウム「映像の不可視性をめぐって」",2016
744,"総合開館20周年記念事業 TOPコレクション 東京･TOKYO　ギャラリートーク",2016
745,"総合開館20周年記念事業 東京・TOKYO　日本の新進作家vol.13　ギャラリートーク",2016
746,"総合開館20周年記念事業／収蔵映像展 アピチャッポン・ウィ―ラセタクン 亡霊たち　ギャラリートーク",2016
748,"総合開館20周年記念事業 山崎博　計画と偶然　ギャラリートーク",2016
749,世界報道写真展2016　ギャラリートーク,2016
750,写真新世紀東京展2016　ギャラリートーク,2016
751,フォトジャーナリスト長倉洋海の眼　地を這い、未来へ駆ける　ギャラリートーク,2016
752,"総合開館20周年記念事業 夜明けまえ 知られざる日本写真開拓史　総集編　ギャラリートーク",2016
753,"【誘致展】世界報道写真展2016 WORLD PRESS PHOTO 2016",2016
756,【誘致展】写真新世紀東京展2016,2016
757,【誘致展】第17回　上野彦馬賞　九州産業大学フォトコンテスト受賞作品展,2016
759,"【誘致展】APAアワード2017 第45回 公益社団法人日本広告写真家協会公募展",2016
763,【誘致展】フォトジャーナリスト長倉洋海の眼　地を這い、未来へ駆ける,2016
765,"ショートショートフィルムフェスティバル ＆アジア 秋の短編映画収穫祭",2016
766,『追憶』,2016
767,『ウォーナーの謎のリスト』,2016
769,"『地球交響曲（ガイアシンフォニー）第八番』 凱旋ロードショー　全作品一挙公開",2016
770,"DigiCon6 JAPAN Awards",2016
772,『ホライズン』,2016
773,"オペラ「眠れる美女～House of the Sleeping Beauties～」 関連講座 日本･ベルギー交流150年の 歴史",2016
774,"『マリア・カラス 伝説のオペラ座ライブ",2016
775,『聖なる呼吸　ヨガのルーツに出会う旅』,2016
776,『創造と神秘のサグラダ・ファミリア』,2016
777,『湾生回家』,2016
778,『ミューズ・アカデミー』ホセ・ルイス・ゲリン監督特集上映「ミューズとゲリン」,2016
779,ドキュメンタリー映画『あるアトリエの１００年」,2016
780,『文楽　冥途の飛脚』,2016
781,『ミニオンズ』『ペット』のイルミネーション・エンターテインメントが贈る『SING／シング』公開記念イルミネーション映画祭,2016
783,総合開館20周年記念シンポジウム「写真美術館はなぜ、必要か」,2016
784,総合開館20周年記念「初期写真国際シンポジウム　幕末」,2016
786,とっぷ雅楽,2016
788,図書室等の運営,2016
791,第816回Ｃ,2016
794,第817回Ｂ,2016
795,第818回芸劇,2016
796,第819回文化会館,2016
797,第815回Ｂ,2016
798,第820回芸劇,2016
799,第821回サントリー,2016
800,第822回Ａ,2016
801,第823回Ｂ,2016
802,第824回Ａ,2016
803,第825回Ｃ,2016
804,第826回Ｃ,2016
805,第827回Ａ,2016
807,"世界のマエストロシリーズ 読売日本交響楽団",2016
809,クラシカル・プレイヤーズ東京　演奏会,2016
810,ダニエル・ハーディング＆パリ管弦楽団,2016
811,エリアフ・インバル＆ベルリン・コンツェルトハウス管弦楽団,2016
814,0才から聴こう！！／４才から聴こう！！春休みコンサート,2016
816,伝統体験塾,2016
817,"日本橋 技あり体験熈代屋台",2016
818,まちなか伝統パフォーマンス,2016
819,"伝統芸能公演「紅葉 日本橋～日本美と伝統芸能の饗宴～」",2016
821,前夜祭,2016
823,茶席　高橋是清邸,2016
825,茶席　西川家別邸,2016
826,茶席　川野商店,2016
827,野点,2016
828,茶道はじめて体験,2016
829,"WELCOME ！ 英語で楽しむ茶席",2016
830,子供のための茶道教室,2016
831,茶席　中島の御茶屋,2016
832,茶席　芳梅亭,2016
833,野点,2016
834,"WELCOME ！ 英語で楽しむ茶席",2016
835,高校生野点,2016
836,茶道はじめて体験,2016
845,小金井公演（2016年10月17日）,2016
846,日の出町公演（2016年10月29日）,2016
847,立川公演（2016年11月5日）,2016
848,八丈島公演（2016年11月11日）,2016
849,八丈島公演（2016年11月12日）,2016
850,福生公演（2016年11月23日）,2016
851,檜原村公演（2016年12月3日）,2016
853,"小曽根 真＆ゴンサロ・ルバルカバ “Jazz meets Classic” with東京都交響楽団(東京文化会館）",2016
854,"小曽根 真＆ゴンサロ・ルバルカバ “Jazz meets Classic” with東京都交響楽団(オリンパスホール八王子）",2016
856,第2回浜田理恵,2016
857,第3回ゴンサロ・ルバルカバ,2016
858,第4回タチアナ・ヴァシリエヴァ,2016
859,第5回渡辺貞夫,2016
860,"まちなかコンサートvol.1 3歳からの楽しいクラシック",2016
861,"まちなかコンサートvol.2 よりみちコンサート",2016
862,"まちなかコンサートvol.3 よりみちコンサートムジカ・アモーレ",2016
865,No.370,2016
866,No.371,2016
867,"都響・八王子シリーズ　ロシア＆チェコのノスタルジア ─郷愁を誘う音楽",2016
868,12/24文化会館,2016
869,12/26サントリー,2016
870,12/23芸劇,2016
871,福岡特別公演,2016
872,名古屋特別公演,2016
873,都響スペシャル「シェイクスピア讃」,2016
876,都響・調布シリーズNo.18,2016
877,ボクとわたしとオーケストラ,2016
878,第33回障害者のためのふれあいコンサート,2016
884,屋外収蔵,2016
885,神楽坂楽座～講釈場,2016
1058,"東京大茶会 2016",2016
1192,テスト,2015
1220,神楽坂芸能めぐり街角ライブ,2016
1222,【特別展】ポンピドゥー・センター傑作展─ピカソ、マティス、デュシャンからクリストまで─,2016
1223,神楽坂,2016
1224,覗いてみようお座敷遊び,2016
1226,赤城神社　夕暮れライブ,2016
1228,神楽坂タイムスリップ　スタンプラリー／歴史ガイド,2016
1231,"江戸東京たてもの園 子宝湯（2016年9月24日）",2016
1233,"江戸東京たてもの園 子宝湯（2016年9月25日）",2016
1235,【開館90周年記念展】木々との対話──再生をめぐる5つの風景,2016
1237,想いアラタに,2016
1238,"キョウノドウキ ‒ 矩形・そこに見る日本画の可能性",2016
1239,"「日本画の王道」─11人の拓く 日本画の現在─",2016
1240,紙神,2016
1241,無・尽・蔵,2016
1244,常設展示,2016
1245,国立西洋美術館本館1階ロビー（2016年9月29日）,2016
1247,東京文化会館キャノピー（2016年10月8日）,2016
1251,東京文化会館キャノピー（2016年10月9日）,2016
1252,東京都美術館　佐藤慶太郎記念アートラウンジ（2016年10月15日）,2016
1253,東京都美術館　佐藤慶太郎記念アートラウンジ（2016年10月16日）,2016
1254,"国立国会図書館 国際子ども図書館 レンガ棟 3階ホール（2016年10月16日）",2016
1255,"恩賜上野動物園西園 動物園ステージ（2016年10月22日）",2016
1256,"旧岩崎邸庭園 洋館内（2016年10月23日）",2016
1257,"東京国立博物館 法隆寺宝物館（2016年10月29日）",2016
1258,台東区立下町風俗資料館付設展示場　旧吉田屋酒店（2016年10月30日）,2016
1259,国立科学博物館日本館中央ホール（2016年11月5日）,2016
1281,平野の旧印刷所,2016
1285,"【連携展】TOKYO 書 2017　公募団体の今",2016
1289,【コレクション展】東京都現代美術館所蔵「新東京百景─90年前の東京」,2016
1306,"旧岩崎邸庭園 洋館内（2016年10月22日）",2016
1313,入野義朗生誕95年記念コンサート,2016
1317,リトルトーキョー,2016
1320,第14回東京音楽コンクール優勝者＆最高位入賞者コンサート,2016
1321,【企画展】山岡鉄舟と江戸無血開城,2016
1322,"江東区深川江戸資料館、江東区芭蕉記念館、江東区立深川図書館、法苑山 浄心寺、あづま屋文具店、 田巻屋、大久保クリーニング、三河屋精米店、杉原商店、アライズ コーヒーロースターズ、fukadaso CAFE、iki ESPRESSO TOKYO、ALLPRESS ESPRESSO、mamma cafe 151A、しまぶっく、smokebooks、NOiS清澄白河",2016
1339,【企画展】伊藤晴雨幽霊画展,2016
1340,"【企画展】市民からのおくりもの 2016－平成27年度 新収蔵品から－",2016
1341,【企画展】徳川将軍家の婚礼,2016
1342,【企画展】戦時下東京のこどもたち,2016
1361,江東区深川江戸資料館,2016
1362,"Coci la elle（コシラエル本店）",2016
1364,"アライズ コーヒーロースターズ",2016
1366,モーニングコンサートVol.98,2016
1367,モーニングコンサートVol.99,2016
1368,モーニングコンサート番外編「秋の夜コンサート」,2016
1369,モーニングコンサートVol.100,2016
1370,モーニングコンサートVol.101,2016
1371,モーニングコンサートVol.102,2016
1372,モーニングコンサートVol.103,2016
1374,"“げん”結び　―音楽 と 文学―",2016
1377,"Half the Sky　ロック・イン・オポジション・フランス及び東京公演とワークショップ",2016
1381,中村芙悠子ピアノ・リサイタル,2016
1382,"藤原道山× SINSKE ヨーロッパツアー 2016",2016
1385,柴田南雄生誕100年・没後20年記念演奏会,2016
1388,辺境の歌コンサート,2016
1390,"アンサンブル・ノマド定期演奏会 第56～58回「照らし合うもの Vol.1-3」",2016
1391,第26回「インターナショナル・オルガン・フェスティバル・イン・ジャパン」2016,2016
1393,會田瑞樹パーカッションリサイタル2016の開催,2016
1397,2016年大道寺梨乃「Socialstrip」アジアツアー,2016
1401,"+51 アビアシオン、サンボルハ　パリ公演",2016
1403,"ARICA ・インド「ワークショップ・ショーイング」国際プロジェクト",2016
1407,サンプル「離陸」台湾公演,2016
1409,"シアター風姿花伝 若手支援事業 プロミシングカンパニー　「カクシンハン」",2016
1435,gift_＋ＡＳ（フェロー・プロジェクト）,2016
1437,吉増剛造プロジェクト「水の音句会ライブ」,2016
1439,カニエ・ナハ＋大原大次郎「深川の漣ツアー」,2016
1449,吉増剛造「深川ポラ・ワークショップ」,2016
1452,カニエ・ナハ「詩と本のワークショップ」,2016
1459,remo［NPO法人記録とメディアのための組織］「読み歩きクルーズ　あの日の“あとを追う”―記録すること、残すこと―」,2016
1460,参加作家による連続トーク,2016
1462,MOTサテライト・クルーズ,2016
1463,"アートト（フェロー・プロジェクト）「MOTサテライト アーカイ部 公開フォーラム」",2016
1465,新聞家新作公演『帰る』,2016
1468,劇団銅鑼「あやなす」セルビア・クロアチア公演＋ワークショップ,2016
1469,ベッド＆メイキングス　第５回公演「あたらしいエクスプロージョン」,2016
1470,プーク人形劇場企画　欧州相互国際交流事業,2016
1474,"Low Fat Art Fest 2016 - Antigone/border-line",2016
1475,鳥公園#13「ヨブ呼んでるよ」,2016
1478,"TURN in BRAZIL帰国報告",2016
1479,"Baobab 第10回本公演ツアー『靴屑の塔』",2016
1482,"ジャグリング＆音楽集団 ながめくらしつ シアタートラム新作公演『心を置いて飛んでゆく』",2016
1484,"OrganWorks 主催公演「Reason to Believe」",2016
1485,シビウ国際演劇祭　新作ダンス公演（仮）,2016
1486,"ニブロール 「リアルリアリティ」IKJ InternationalFestival 公演",2016
1500,五十嵐靖晃,2016
1541,池田晶紀、川瀬一絵,2016
1545,大西健太郎,2016
1547,角銅真実,2016
1549,高本敦基,2016
1551,永岡大輔,2016
1556,山縣良和,2016
1558,山城大督,2016
1560,"James Jack",2016
1562,"Sam Stocker",2016
1563,"大崎晴地、現代芸術活動チーム目【め】、富塚絵美、森山開次、EAT & ART TARO",2016
1564,中間報告会,2016
1568,エキシビション,2016
1569,カンファレンス,2016
1572,"「よみがえれ！ シーボルトの日本博物館」展",2016
1573,"TURN フェス・サポーター",2016
1576,"TURN センター構想会議",2016
1578,「戦国時代」展,2016
1579,"JR 大人の休日倶楽部貸切鑑賞会",2016
1580,講演会・パネルディスカッション「いざ！戦国時代展へ!!」,2016
1582,「江戸と北京-18世紀の都市と暮らし」展,2016
1583,ブロガー特別内覧会,2016
1585,プレ古文書講座『天保改革町触史料』を読む②,2016
1586,東條琴臺と江戸の学問②東條琴臺と江戸文人社会,2016
1587,長崎学連携講座,2016
1588,江戸町人の食事情②日常の食と素材,2016
1589,江戸のシェア③自治組織……「町」,2016
1590,特別展「よみがえれ！シーボルトの日本博物館」関連講座①シーボルト・コレクションにおける絵画作品,2016
1591,浮世絵師列伝Ⅵ①西川祐信―上方絵の第一人者―,2016
1592,江戸東京たてもの園セミナー「建築博物館を楽しもう！」①国立近現代建築資料館―その役割と楽しみ方―,2016
1593,特別展「よみがえれ！シーボルトの日本博物館」関連講座②シーボルトのコレクションと地図,2016
1594,特別展「よみがえれ！シーボルトの日本博物館」関連講座③シーボルト・コレクションにおける漆工芸,2016
1595,江戸名所のことばとかたち①富士筑波のことばとかたち―江戸の境界―,2016
1596,特別展「よみがえれ！シーボルトの日本博物館」関連講座④再来日時の日記にみえるシーボルト・コレクション,2016
1597,浮世絵師列伝Ⅵ②流光斎如圭―上方役者絵の元祖―,2016
1598,江戸東京たてもの園セミナー「建築博物館を楽しもう！」②海外の事例に学ぶ―イギリス、アメリカの建築博物館事情―,2016
1599,日光社参と江戸の人材派遣業①,2016
1600,特別展「よみがえれ！シーボルトの日本博物館」関連講座⑤書簡が語るシーボルト像,2016
1601,特別展「よみがえれ！シーボルトの日本博物館」関連講座⑥シーボルトの日本博物館構想と川原慶賀筆『人物画帳』,2016
1602,江戸東京たてもの園セミナー「建築博物館を楽しもう！」③明治村からたてもの園へ―ライバルへのメッセージ―,2016
1604,日光社参と江戸の人材派遣業②,2016
1605,"企画展「市民からのおくりもの2016」関連講座 将軍家の婚礼と婚礼道具―姿見鏡が映す大奥の世界",2016
1606,浮世絵師列伝Ⅵ③五雲亭貞秀―空飛ぶ浮世絵師―,2016
1607,江戸名所のことばとかたち②日本橋のことばとかたち―江戸の中央―,2016
1608,浮世絵師列伝Ⅵ④河鍋暁斎―奇想の画鬼―,2016
1609,プレ古文書講座『天保改革町触史料』を読むⅡ①,2016
1610,天下祭とは何か？①天下祭と江戸の町人文化,2016
1611,天下祭とは何か？②神田祭の昔と今―祭礼文化の持続と変容―,2016
1612,江戸名所のことばとかたち③隅田川のことばとかたち―江戸の記憶―,2016
1613,プレ古文書講座『天保改革町触史料』を読むⅡ②,2016
1614,天下祭とは何か？③天下祭と職人,2016
1615,特別展「戦国時代展-ACenturyofDreams-」関連講座①戦国時代庭園の諸相―儀礼の庭・社交の庭・信仰の庭―,2016
1616,企画展「徳川将軍家の婚礼」関連講座①「徳川将軍家の婚礼」展の見どころ,2016
1617,企画展「徳川将軍家の婚礼」関連講座②将軍御台所の婚礼と篤姫・和宮の婚礼調度,2016
1618,千住の文化と美術―琳派と文晁の系譜―①千住の酒合戦をめぐる人々,2016
1619,特別展「戦国時代展-ACenturyofDreams-」関連講座③戦国時代の朝廷,2016
1620,企画展「徳川将軍家の婚礼」関連講座③将軍家の婚礼に見る有職故実,2016
1621,特別展「戦国時代展-ACenturyofDreams-」関連講座④信長の城づくり事始～小牧山城の発掘調査から～,2016
1622,江戸幕府の最高権力者徳川将軍①徳川氏の血統,2016
1623,幕末維新期における江戸の人材派遣業①,2016
1624,千住の文化と美術―琳派と文晁の系譜―②千住の琳派絵師,2016
1625,幕末維新期における江戸の人材派遣業②,2016
1626,福井県連携講座「由利公正という個性」,2016
1627,江戸幕府の最高権力者徳川将軍②歴代将軍一覧,2016
1628,特別展「江戸と北京」関連講座①「老北京」の年中行事,2016
1629,特別展「江戸と北京」関連講座②絵巻から見た江戸と北京の都市生活―「江戸と北京」展のみどころ―,2016
1630,千住の文化と美術―琳派と文晁の系譜―③千住と文晁の系譜,2016
1631,企画展「戦時下のこどもたち」関連講座①「少国民」のくらし―戦時下東京のこどもたち展のみどころ―,2016
1632,異国に贈られた屏風絵,2016
1633,新・日本建築家列伝「フランク・ロイド・ライトと日本」①フランク・ロイド・ライトと日本への影響,2016
1634,企画展「戦時下のこどもたち」関連講座②女学生の勤労動員と風船爆弾,2016
1635,別展「江戸と北京」関連講座③日本に招来された清朝陶磁器,2016
1636,新・日本建築家列伝「フランク・ロイド・ライトと日本」②ライトからの贈り物をいきいきと受け継いで～自由学園明日館の動態保存～,2016
1637,江戸幕府の最高権力者徳川将軍③歴代将軍の「妻妾」,2016
1639,"「能公演 ・藤戸」公益財団法人能楽協会の企画制作による公演",2016
1640,「狂言・附子、居杭」公益財団法人能楽協会の企画制作による公演,2016
1642,国際交流事業（第15回日中韓博物館国際シンポジウム）,2016
1650,曲独楽・落語（10月23日）,2016
1651,筝（10月29日）,2016
1652,太神楽・落語（10月30日）,2016
1653,尺八・津軽三味線（11月3日）,2016
1654,津軽三味線（11月5日）,2016
1655,奇術・落語（11月6日）,2016
1656,津軽三味線（11月8日）,2016
1657,三味線・筝・尺八（11月9日）,2016
1658,尺八（11月10日）,2016
1659,三味線・筝・尺八（11月11日）,2016
1660,江戸芸かっぽれ（11月12日）,2016
1661,落語（11月15日）,2016
1662,落語（11月16日）,2016
1663,落語（11月17日）,2016
1664,落語（11月18日）,2016
1665,江戸芸かっぽれ（12月10日）,2016
1666,からくり実演（1月2日）,2016
1667,からくり実演（1月3日）,2016
1668,からくり実演（1月4日）,2016
1669,からくり実演（1月5日）,2016
1670,落語・太神楽（1月7日）,2016
1671,落語・紙切り（1月8日）,2016
1672,落語・奇術（1月9日）,2016
1673,江戸芸かっぽれ（1月14日）,2016
1674,江戸芸かっぽれ（2月11日）,2016
1675,江戸芸かっぽれ（3月11日）,2016
1676,津軽三味線（3月18日）,2016
1677,尺八・筝（3月19日）,2016
1678,津軽三味線（3月20日）,2016
1679,曲独楽・太神楽（3月25日）,2016
1680,和妻・太神楽（3月26日）,2016
1681,太神楽・紙切り（3月28日）,2016
1683,万華鏡で遊ぼう（2016年9月24日）,2016
1684,江戸名所図会で「八百屋お七」の足跡を歩く（駒込～春日）（2016年9月24日）,2016
1685,８枚羽根のかざぐるまを作ろう（2016年9月25日）,2016
1697,「季節のない街」2017年版,2016
1699,"ダンスがみたい！ 18　エリック・サティを踊る",2016
1701,"BONUS　第4回連結クリエイション　テクノロジー×ダンス× X 編",2016
1703,セッションハウス若手ダンサー支援プロジェクト,2016
1705,"Integrated Dance Company 響-Kyo 第4回公演　二作品上演『パワポル』『les gens de Tokyo』",2016
1707,「大野一雄について」欧州ツアー,2016
1709,国立奥多摩映画館　美術でもない映画でもない映像,2016
1711,ボリス・グロイス日本招聘プロジェクト,2016
1715,視覚障害者とつくる美術鑑賞ワークショップ,2016
1717,"全天周映像上映会「After Cherenkov」",2016
1719,"蓮沼執太展 （仮）",2016
1722,"αＭプロジェクト2016「トランス／リアル ― 非実体的美術の可能性」",2016
1724,ルーマニア・ブカレストにおける個展,2016
1732,"Fremantle Arts Centre レジデンスプログラムへの参加及び展覧会の開催",2016
1734,欧米における活動写真文化の普及事業,2016
1736,"Artist in Residence Program in Hong Kong 2016",2016
1739,"まちなかJapan ニッポン音楽隊がやってきた！",2016
1745,"瀧 健太郎",2016
1746,"大和田 俊",2016
1747,"持田 敦子",2016
1753,フェラン・プラ,2016
1754,アンドレア・カネパ,2016
1755,"丸山 美紀",2016
1756,シリン・サバヒ,2016
1757,チャン・カイチュン,2016
1758,クレマンス・ショケ＆ミカエル・ガミオ,2016
1759,リギョン,2016
1760,チョウ・ユンジュ,2016
1761,鈴木直江,2016
1762,トビアス・ツィローニィ,2016
1763,マーセ・ロドリゴ・ガルシア,2016
1764,グリッサゴーン・ティンタップタイ,2016
1765,シャルル・ケヴィヨン,2016
1766,シグネ・ハーマン,2016
1767,カルル・マズロ,2016
1768,ヴァレリオ・サニカンドロ,2016
1769,エヴァン・ジャコビー,2016
1770,エリザベス・ベリヴォ,2016
1771,ドミニック・キュナン,2016
1772,ヘレナ・ウェスターリンド,2016
1773,クリス・ロメロ,2016
1774,ルイス・グラネ,2016
1775,ウンベルト・ヂューク,2016
1776,アンネ・ビュッシャー,2016
1777,アリツィア・ドブルツカ＆オリヴィエ・リション,2016
1779,フィオナ・アムンゼン,2016
1780,ジョバンニ・インネッラ,2016
1781,コンラッド・ユーシチンスキ,2016
1782,イルワン・アーメット＆ティタ・サリナ,2016
1785,ジュスティーヌ・エマー,2016
1786,エマニュエル・ギヨー,2016
1787,カロリーナ・ブレグーワ,2016
1788,"時空を越える虚無僧尺八の世界 ～虚無僧尺八の最大の寺・越後明暗寺所縁の虚無僧を迎えて～ ― 中村明一尺八リサイタル ―",2016
1791,創邦21　第14回作品演奏会,2016
1793,金曜コンサート,2016
1797,祝傘寿　川瀬順輔の会,2016
1799,"邦楽聖会公演 No19",2016
1800,水曜コンサート,2016
1801,"第30回 現代邦楽作曲家連盟作品演奏会",2016
1802,"第13回 ユネスコ記念能",2016
1804,さくらこまち和楽団・イタリア公演2016,2016
1805,"邦楽展28　koto Collection Today",2016
1807,代々木果迢会別会「一之輔落語×竹灯籠能『菊慈童』」,2016
1809,"OSMOSIS Fest",2016
1817,舞台芸術制作者オープンネットワーク（ON-PAM）による創造環境整備事業,2016
1820,スロームーブメント豊洲公演,2016
1822,"河崎 純　音楽詩劇公演プロジェクト",2016
1829,サウンド・ライブ・トーキョー,2016
1835,"伶楽舎 第十三回雅楽演奏会 ～武満徹「秋庭歌一具」",2016
1836,《障害の家》プロジェクト,2016
1856,"10月1日 臨時開催",2016
1858,11月20日「あいうえの特別企画」にて実施,2016
1859,あいうえの　temp,2016
1860,"カルチュラル・タイフーン 2016「それを感じられるか？」Can You Feel It ？ ― グローバル化する都市への文化的介入",2016
1861,10月15日,2016
1862,"10月15日 臨時開催",2016
1864,"11月19日 臨時開催",2016
1865,11月19日「あいうえの特別企画」にて実施,2016
1866,2月18日,2016
1868,建築模型を語る――日本の建築家10人が考える建築模型のこれから,2016
1870,ようこそ！お囃子の世界へ　三ッ目囃,2016
1872,“桐”と“竹”音色七色,2016
1873,八王子芸妓衆の華と粋,2016
1874,地芝居を楽しむ！秋川歌舞伎,2016
1876,ちょっと小粋にまちめぐり！人力車・昭和レトロ探し,2016
1877,"Worldwide：Japan Project",2016
1882,北とぴあ国際音楽祭2016参加公演「リゲティのホルン・トリオをめぐって」,2016
1884,ミュージック・フロム・ジャパン2017年音楽祭,2016
1888,"栗コーダー＆フレンズ　アジア６カ国 ミュージック＆アート　共同制作プロジェクト",2016
1897,"inc. ‒ artist incubation project 2017",2016
1899,"Tokyo Cantat 2017",2017
1905,"Attack On Dance WorldTour 2016",2016
1907,マクベス（仮）,2016
1909,"あやめ十八番 第七回公演「霓裳羽衣」",2016
1910,シティⅢ,2017
1912,現代カナダ演劇・最新作連続公演「エレファント・ソング」,2016
1914,「CATFISH」,2016
1916,「アトレウス」（仮題）,2016
1917,花園プロジェクト「花園RED／花園BLUE」,2016
1919,国際共同制作　第１弾　日本xマレーシア　『ファミリー』,2016
1921,結城座×鄭義信「ドールズタウン」,2016
1923,"Ｃｏ . 山田うん　エストニア公演ツアー",2016
1927,"OrganWorks アレコレ2「Triple Bill」",2016
1929,"C/Ompany 主催公演「忘れろ／ボレロ」",2016
1931,花粉革命,2016
1978,"「YEBIZO MEETS」Ⅰ 特別セッション",2016
1980,"東京都写真美術館 3F, 2F, B1F展示室",2016
1981,フェスティバル会場・オールアラウンドガイドツアー,2016
1982,"TOP メイン会場・ガイドツアー",2016
1983,"TOP Museum Guided Tour: EnglishVersion",2016
1989,"勅使川原三郎 新作 フランス・ツアー",2016
1993,プロジェクト大山　新作公演「それでも　おどって」,2016
1994,コンドルズ×あうるすぽっと　大赤字コンテンポラリーダンスフェスvol.1「可能性の獣たち2017」,2016
1995,ダンス保育園！！,2016
1999,"コンテンポラリーダンス・ショーケース JAPAN +EAST ASIA",2016
2001,"インフラ　INFRA -Between Musin and Arts, BetweenTokyo and Berlin",2016
2004,ホスピタルとデザイン展,2016
2006,"Art, Media and I, TOKYO（AMIT）2017",2016
2008,ジェイ・チュン＆キュウ・タケキ・マエダ展,2016
2011,"Reborn Homes through my voice",2016
2013,泡とねばり、とうきょう,2016
2015,アート産業市場『見える化』プロジェクト,2016
2018,石塚元太良新作展『Demarcation』実行委員会,2016
2021,映画をめぐる視覚のあり方を問う新作映画制作,2016
2023,"第十四回 飛鳥山薪能公演　及び　飛鳥山薪能 能楽鑑賞会",2016
2025,徹の笛　̶第八回福原徹演奏会̶,2016
2026,「Ｗ.Ｂ.イエーツを魅了した能の演目から」ニューヨーク公演,2016
2028,"第2回 今藤政太郎作品演奏会",2016
2029,東京高円寺阿波おどり台湾公演2017,2016
2033,"野坂操壽 × 沢井一恵「変絃自在」サンフランシスコ公演",2016
2037,伝統・技・美のライブパフォーマンス「一粒萬倍」,2016
2039,"第七回 貴雅の会",2016
2040,日本三曲協会定期公演　第3回　日本の響,2016
2042,"山本亜美 二十五絃箏リサイタル ～紡ぐ、箏　歌～",2016
2043,"第2回 清元志寿子太夫　清元一太夫　清元演奏會",2016
2044,第三十四回　神楽坂をどり,2016
2046,IAFT16/17,2016
2054,賞道のすすめ,2016
2057,CINARS特別集中講義「カンパニーを国際化するための専門知識とメソッド」,2016
2058,"東京文化会館《響の森》vol. 39「ニューイヤーコンサート2017」",2016
2060,演劇集団　円　公演　「Double　Tomorrow」,2017
2061,伝統文化を東京からアジアへ広げようプロジェクト（竹と竹で結ぶ・和のかけ橋）,2016
2063,バックステージツアー《舞台編》,2016
2075,こどもの城合唱団コンサート　～こどもたちからのサウンドメッセージ～,2016
2078,舞台手話通訳付き公演のモデル上演および撮影会,2016
2080,劇団銅鑼公演ドラマファクトリーvol.10『短編集（仮）』　,2016
2086,子どもたちによるヘアカット　子どもと大人の関係性を問い直すソーシャリー・エンゲイジド・アート（SEA）・プロジェクト　（仮称）,2016
2090,アール・ブリュット立川2016～こころが描くアート展～,2016
2093,オリジナル箏曲合奏プロジェクト,2016
2094,“手話”で楽しむ能狂言鑑賞会,2016
2096,"うたの住む家プロジェクト in 両国",2016
2098,清姫道成寺　̶　純愛か、狂愛か。̶,2016
2100,"シニア劇団かんじゅく座第11回公演「ねこら！ 2017」",2016
2102,ホスピタルシアタープロジェクト2016～インクルージブ・シアターへの誘い（仮）,2016
2106,インクルーシブ・ダンスの上演をコアとする連続的な「共創」のアートプログラム開発,2016
2109,「アートとソーシャルデザイン」連続トーク＆フォーラム,2016
2110,障害を起点とした新しい価値を探るデザインプロセスの実践vol.1,2016
2112,"よむよむ・わくわく広場　in 足立区",2016
2115,アーティストと子どものエデュケア学校（仮）　,2016
2116,バックステージツアー《舞台編》,2016
2117,バックステージツアー《建築編》,2016
2119,マエストロ・ビジット,2016
2121,松沢病院（2016年12月15日）,2016
2122,バックステージツアー《建築編》,2016
2124,バックステージツアー《建築編》,2016
2125,バックステージツアー《建築編》,2016
2127,葛尾小、川内小（2017年1月17日）,2016
2130,富岡第一・第二小、浪江中（2017年1月16日）,2016
2133,東大病院（2017年2月7日）,2016
2136,《弦楽四重奏》（2016年10月18日）,2016
2137,《アンサンブル》（2017年1月11日）,2016
2139,母島保育園（2017年2月13日）,2016
2140,花さと保育園（2017年2月18日）,2016
2141,船戸幼稚園（2017年2月21日）,2016
2142,御厩保育所（2017年2月21日）,2016
2143,白土保育所（2017年2月21日）,2016
2144,つくしんぼ保育園、なの花保育園（2017年3月14日）,2016
2145,小淀ホーム（2017年3月17日）,2016
2146,浅草寺病院（2017年3月18日）,2016
2147,しらさぎホーム（2017年3月20日）,2016
2150,《金管五重奏》（2017年2月27日）,2016
2161,神津島,2016
2162,三宅島,2016
2163,御蔵島,2016
2164,八丈島,2016
2165,青ヶ島,2016
2166,母島,2016
2167,父島,2016
2179,子供歌舞伎教室,2016
2183,坂本冬美特別公演★,2016
2184,あの大鴉さえも,2016
2185,１０月歌舞伎公演,2016
2186,ミス・サイゴン,2016
2187,一人二役,2016
2188,祇園の姉妹,2016
2189,三婆,2016
2190,ミス・サイゴン,2016
2191,舟木一夫特別公演,2016
2192,12月歌舞伎公演,2016
2193,ロミオとジュリエット,2016
2194,プリシラ,2016
2195,十二月大歌舞伎,2016
2196,新春浅草歌舞伎,2016
2197,華岡青洲の妻,2016
2198,フランケンシュタイン,2016
2199,お気に召すまま,2016
2200,二月喜劇名作公演,2016
2201,ビッグフィッシュ,2016
2202,細雪,2016
2210,コメディトゥナイト,2016
2211,３月歌舞伎公演,2016
2212,マリウス,2016
2213,SAKURA,2016
2214,キューティーブロンド,2016
2215,四月大歌舞伎,2016
2216,紳士のための愛と殺人の手引き,2016
2217,ハムレット,2016
2219,展示,2016
2221,アール・ブリュット展,2016
2224,"ヘブンアーティストIN TOKYO",2016
2226,ヘブンアーティストIN渋谷,2016
2232,三茶de大道芸,2016
2237,"創遊・楽落らいぶVol. 35",2016
2238,"創遊・楽落らいぶVol. 36",2016
2239,"創遊・楽落らいぶVol. 37",2016
2244,受け継がれてゆく伝統の八王子車人形,2016
2247,とんとんむかし話,2016
2249,伝統の美～舞と響～,2016
2252,和・染物体験　～今も生きる古き良き伝統を体験しよう！～,2016
2254,江戸時代のアニメーション「影絵（写し絵）」影絵（写し絵）公演とワークショップ,2016
2258,本町連合町会山車,2016
2261,スマートフォンで歴史を知ろう！,2016
2262,総合受付（11月27日）,2016
2263,スタンプラリー（11月27日）,2016
2264,ユーロード（11月26日）,2016
2266,人力車による“お練り”（11月26日）,2016
2268,聴いてみよう、日本の音　八王子祭囃子,2016
2269,“桐”と“竹”音色七色,2016
2270,八王子芸妓衆の華と粋,2016
2271,受け継がれてゆく伝統の八王子車人形,2016
2273,“桐”と“竹”音色七色,2016
2274,ナイト・ミニ・コンサート,2016
2278,ちょっと小粋にまちめぐり！人力車・昭和レトロ探し,2016
2279,“桐”と“竹”音色七色,2016
2281,リハーサル室、鑑賞室、東京芸術劇場リハーサル室、文京シビックセンター　他,2016
2282,和・染物体験　～今も生きる古き良き伝統を体験しよう！～,2016
2283,江戸時代のアニメーション「影絵（写し絵）」種板をつくろうワークショップ＆ミニ公演,2016
2288,本町連合町会山車,2016
2289,東京都立八王子特別支援学校（2016年10月11日）,2016
2290,スマートフォンで歴史を知ろう！,2016
2291,総合受付（11月26日）,2016
2292,スタンプラリー（11月26日）,2016
2293,ユーロード（11月27日）,2016
2294,人力車による“お練り”（11月27日）,2016
2297,"UENO WELCOME PASSPORT",2016
2312,鑑賞室,2016
2314,"めざせ！おんがく忍者！ 1）3歳～4歳（2016年11月20日）",2016
2316,TOKYO数寄フェス,2016
2327,上野夜公園,2016
2328,文化との出合いを感動に変えるプロフェッショナル」日本屈指の文化施設で働くプロフェッショナルたちのトークセッション,2016
2331,地域連携プログラム,2016
2334,"めざせ！おんがく忍者！ 2）5歳～6歳（2016年11月20日）",2016
2335,"Music Clock 3）一般（2016年11月20日）",2016
2337,"旅するヨーロッパ 1）6ヶ月～18ヶ月（2017年2月26日）",2016
2338,"旅するヨーロッパ 2）19ヶ月～35ヶ月（2017年2月26日）",2016
2339,"カラダ・オト・ウタウ 3）小学生～大人（未就学児不可）（2017年2月26日）",2016
2358,"開館90周年記念フォーラム 創造と共生の場を求めて──美術館の歴史と未来",2016
2360,"開館90周年記念 アーカイブズ資料展示 造形講座と東京都美術館",2016
2363,【特別展】ティツィアーノとヴェネツィア派展,2016
2366,鑑賞用ツールの制作と提供（ジュニアガイドなど）,2016
2368,とびらボードの貸出し　,2016
2369,とびラーなど学び合いの環境整備,2016
2370,建築ツアーの開催,2016
2371,ギャラリートーク・アーティストトークの実施,2016
2374,障害のある方のための特別鑑賞会,2016
2375,"金井 学",2017
2376,"【連携展】都美セレクション 新鋭美術家 2017",2016
2383,"金 瑞姫",2017
2384,"田中 英行",2017
2385,"鎌田 友介",2017
2386,ミヤギフトシ,2017
2387,"水木 塁",2017
2388,ジェローム・ブシャール,2017
2389,イ・スヨン,2017
2390,ジル・アディソン,2017
2391,建物公開展「アール・デコの花弁　旧朝香宮邸の室内空間」,2017
2392,マーティン・エブナー,2017
2393,シモ・ケロクンプ,2017
2394,ヒュー・デイヴィーズ,2017
2396,第１回,2017
2397,第２回,2017
2398,第３回,2017
2399,第４回,2017
2400,第５回,2017
2406,あいうえのファミリー（こどもと家族のプログラム）,2016
2407,あいうえの学校（学校向けプログラム）スペシャルマンデーコース,2016
2408,"あいうえの学校　(学校向けプログラム) 平日開館コース",2016
2409,あいうえのメンバー向けプログラム,2016
2410,学びあいカフェ,2016
2411,教員向け研修プログラムの実施,2016
2412,学校団体来館の対応（免除申請・電話相談・当日対応）,2016
2413,展覧会関連参加型プログラムの実施,2016
2414,⑥上野「文化の杜」新構想への参画（レクチャー、ワークショップ等）,2016
2415,【ゴッホとゴーギャン展】特別展関連講演会,2016
2416,【ティツィアーノとヴェネツィア派展】特別展関連講演会,2016
2417,"【TOKYO 書 2017 公募団体の今】特別展関連講演会",2016
2418,"【都美セレクション 新鋭美術家 2017】特別展関連講演会",2016
2421,チュム・チャンヴェスナ,2017
2422,カアン・ミュジデジ,2017
2423,プラパット・ジワランサン,2017
2424,ミシェル・ユノー,2017
2425,ヴィクター・ワン,2017
2426,カリ・コンテ,2017
2427,クゥワイ・サムナン,2017
2428,バーバック・ハシェミ＝ネジャド,2017
2430,ヘザー・B・スワン,2017
2431,"鑑賞プログラム BLUE STAGE",2016
2433,"SHIBUYA STREET SHOW",2016
2435,リス・ビヤルバ,2017
2437,ハカン・トパル,2017
2438,第６回,2017
2439,第７回,2017
2440,"SSDW CONTEST 高校生対抗ストリートダンス選手権",2016
2441,第８回,2017
2443,広瀬菜々&永谷一馬,2017
2444,"DANCE WITH music フラッシュモブ",2016
2454,メタシトゥ（エドゥアルド・カッシーナ＆リヴァ・デュダレヴァ）,2017
2455,ダニエル・シュワルツ,2017
2457,特別展「江戸と北京」関連講座③日本に招来された清朝陶磁器,2016
2458,ホ・テウォン,2017
2459,マリエット・オヴレ,2017
2461,バルバラ・クエト,2017
2462,セイット・バタル・クルト,2017
2463,"LECTURE SPOT プロダンサーによる様々なジャンルのダンスワークショップ",2016
2464,ステファニー・ガウス＆ヤナ・エスク,2017
2466,"BATTLE PARK ジャンル別チームトーナメントダンスバトル",2016
2470,神無月茶席（2016年10月1日）,2016
2471,"TALK SHOW 渋谷とダンスをキーワードにしたトークショー",2016
2473,南千住散歩（2016年11月6日）,2016
2477,"COMMUNICATION BOOTH ストリートダンスを教育や社会奉仕活動に取り入れている団体を紹介",2016
2478,歌舞伎の化粧をしてみよう（大人向け）（2016年11月12日）,2016
2479,クリスマスミニリースをつくろう（2016年11月12日）,2016
2480,紙独楽を作ろう（2016年11月19日）,2016
2481,万華鏡で遊ぼう（2016年11月26日）,2016
2483,ぽち袋を摺ろう（2016年11月27日）,2016
2484,師走茶席（2016年12月3日）,2016
2485,和算パズル・反古紙で小物を作ろう。（2016年12月3日）,2016
2486,"【特別展】  ティツィアーノとヴェネツィア派展",2017
2487,和算パズル・反古紙で小物を作ろう（2017年1月7日）,2016
2489,扇子遊びをしましょう（2017年1月21日）,2016
2490,歌舞伎の鳴り物をならしてみよう（2017年1月21日）,2016
2494,ときめきキモノ体験（2017年1月28日）,2016
2498,鬼の面を作ろう（2017年1月29日）,2016
2501,如月茶席（2017年2月4日）,2016
2504,ときめきキモノ体験（2017年2月25日）,2016
2505,立版古講座「浮世絵を組み立てよう」（2017年2月26日）,2016
2506,歌舞伎の化粧をしてみよう(大人向け）（2017年3月4日）,2016
2507,飛鳥山・王子の名所（などころ）散歩（2017年3月12日）,2016
2509,万華鏡で遊ぼう（2017年3月18日）,2016
2513,ときめきキモノ体験（2016年11月27日）,2016
2517,関東大震災（2016年9月23日）,2016
2519,"【特別展】  ボイマンス美術館所蔵 ブリューゲル「バベルの塔」展  16世紀ネーデルラントの至宝─ボスを超えて─",2017
2523,ロロいつ高シリーズ2017,2016
2528,日本・パレスチナ共同創作「またさぶろう」,2016
2529,関東大震災（2016年9月30日）,2016
2530,文化都市江戸（2016年10月7日）,2016
2533,文化都市江戸（2016年10月14日）,2016
2534,世界最大級の寺社フェス「向源」,2016
2535,文明開化東京（2016年10月21日）,2016
2536,文明開化東京（2016年10月28日）,2016
2537,現代の東京（2016年11月4日）,2016
2538,現代の東京（2016年11月11日）,2016
2539,"企画展「市民からのおくりもの 2016－平成27年度 新収蔵品から－」展みどころ（2016年11月18日）",2016
2540,"企画展「市民からのおくりもの 2016－平成27年度 新収蔵品から－」展みどころ（2016年11月25日）",2016
2541,モダン東京（2016年12月2日）,2016
2543,モダン東京（2016年12月9日）,2016
2544,出版と情報（2016年12月16日）,2016
2545,出版と情報（2016年12月23日）,2016
2546,江戸の商業（2017年1月6日）,2016
2547,店めぐり・古典芸能ライブ,2017
2552,能楽　謡・仕舞,2016
2556,"【特別展】  ボストン美術館の至宝展──東西の名品、珠玉のコレクション",2017
2558,"【特別展】  ゴッホ展 巡りゆく日本の夢",2017
2559,神楽坂路上界隈,2017
2562,能楽　狂言,2016
2563,能楽　発表会,2016
2565,第９回,2017
2568,第１０回,2017
2570,長唄　三味線（低学年）,2016
2572,"【特別展】  ティツィアーノとヴェネツィア派展",2017
2574,茶室披き及び第1回茶会,2017
2576,長唄　三味線（中学年以上）,2016
2577,長唄　囃子（篠笛）,2016
2578,第2回茶会,2017
2579,長唄　囃子（小鼓・太鼓）,2016
2580,三曲　箏曲（低学年）,2016
2582,江戸の商業（2017年1月13日）,2016
2583,三曲　箏曲（中学年以上）,2016
2584,三曲　尺八,2016
2585,日本舞踊（女子）,2016
2586,企画展「徳川将軍家の婚礼」みどころ（2017年1月20日）,2016
2587,日本舞踊（男子）,2016
2588,長唄　三味線（ユース）,2016
2589,企画展「徳川将軍家の婚礼」みどころ（2017年1月27日）,2016
2590,三曲　箏曲（ユース）,2016
2591,日本舞踊（ユース）,2016
2592,企画展「徳川将軍家の婚礼」みどころ（2017年2月3日）,2016
2593,空襲と都民（2017年2月10日）,2016
2594,空襲と都民（2017年2月17日）,2016
2595,長唄、三曲、日本舞踊　発表会,2016
2597,芝居と遊里（2017年2月24日）,2016
2598,芝居と遊里（2017年3月3日）,2016
2599,企画展「戦時下東京のこどもたち」みどころ（2017年3月10日）,2016
2600,情景再現,2017
2601,開化の背景（2017年3月17日）,2016
2602,開化の背景（2017年3月24日）,2016
2604,企画展「戦時下東京のこどもたち」みどころ（2017年3月31日）,2016
2607,博物館ボランティア,2016
2610,8月8日（月）～11月6日（日）,2016
2611,11月8日（火）～2月19日（日）,2016
2612,2月21日（火）～5月21日（日）,2016
2613,映像ライブラリーの運営,2016
2616,狛江市立和泉小学校（2016年10月11日）,2016
2618,日野市立東光寺小学校（2016年10月12日）,2016
2620,青梅市立第二小学校（2016年10月13日）,2016
2622,神楽坂楽座～講釈場,2017
2623,江東区立毛利小学校（2016年10月16日）,2016
2625,三宅村立三宅中学校（2016年10月20日）,2016
2627,成立学園中学・高等学校（2016年10月21日）,2016
2629,武蔵村山市立第二小学校（2016年10月21日）,2016
2631,武蔵野市立第一小学校（2016年10月21日）,2016
2633,小平市立小平第九小学校（2016年10月26日）,2016
2635,清瀬市立清瀬小学校（2016年10月27日）,2016
2637,清瀬市立清瀬小学校,2016
2638,神楽坂芸能めぐり街角ライブ,2017
2639,神楽坂路上界隈,2017
2640,覗いてみようお座敷遊び,2017
2641,葛飾区立飯塚小学校（2016年10月27日）,2016
2643,羽村市立武蔵野小学校（2016年11月4日）,2016
2645,東京都立工芸高等学校（2016年11月9日）,2016
2647,荒川区立第七中学校（2016年11月12日）,2016
2649,練馬区立光が丘第四中学校（2016年11月12日）,2016
2651,八王子市立楢原中学校（2016年11月24日）,2016
2653,世田谷区立烏山小学校（2016年11月25日）,2016
2655,東村山市立大岱小学校（2016年11月28日）,2016
2657,八王子市立由井第二小学校（2016年12月6日）,2016
2659,東京都立三鷹中等教育学校（2016年12月7日）,2016
2661,大田区立高畑小学校（2016年12月19日）,2016
2663,東京都立中央ろう学校（2017年1月17日）,2016
2665,世田谷区立池尻小学校（2017年1月24日）,2016
2667,中野区立桃園小学校（2017年1月24日）,2016
2669,赤城神社　夕暮れライブ,2017
2670,神楽坂タイムスリップ　スタンプラリー／歴史ガイド,2017
2672,"【特別展】  ブリューゲル展 画家一族 150年の系譜",2017
2675,"【企画展】  杉戸洋 とんぼ と のりしろ",2017
2678,国分寺市立第一小学校（2017年2月2日）,2016
2681,茶席　高橋是清邸,2017
2682,茶席　西川家別邸,2017
2686,"【コレクション展】東京都現代美術館所蔵 近代の写実展",2017
2687,茶席　川野商店,2017
2689,野点,2017
2691,茶道はじめて体験,2017
2694,"WELCOME ！ 英語で楽しむ茶席",2017
2695,子供のための茶道教室,2017
2697,アート・コミュニケータ養成,2016
2698,第6期とびラー2次面接,2016
2699,"実践講座 鑑賞",2016
2700,"実践講座 アクセス",2016
2701,"実践講座 建築",2016
2703,世田谷区立芦花小学校（2017年3年11日）,2016
2705,【公募展活性化事業】上野アーティストプロジェクト「現代の写実──映像を超えて」,2017
2710,"三鷹市 三鷹市公会堂（2017年2月26日）",2016
2711,"北区 星美ホーム（2017年3月5日）",2016
2712,北区立赤羽台西小学校（2016年10年31日）,2016
2713,練馬区立旭丘小学校（2016年7月9日、2016年10月2日）,2016
2714,足立区立扇小学校（2016年11月25日、26日）,2016
2715,府中市立住吉小学校（2016年11月18日、19日）,2016
2716,国分寺市立第二小学校（2017年2月11日）,2016
2717,八王子市立愛宕小学校（2017年2月28日、3月2日）,2016
2718,東大和市立第六小学校（2016年10年22日）,2016
2719,羽村市立羽村西小学校（2017年2月23日）,2016
2725,江東区立南砂中学校（2016年10月22日）,2016
2726,目黒区立大鳥中学校（2016年12月16日）,2016
2730,多摩市立青陵中学校（2016年10月28日）,2016
2731,利島村立利島小中学校（2016年11月5日）,2016
2732,八丈町立大賀郷小学校（2017年2月5日）,2016
2741,精神の〈北〉へ－かすかな共振をとらえて－,2017
2742,ひの煉瓦ホール（日野市民会館）小ホール（2017年3月20日）,2016
2743,東京都立葛飾ろう学校（2017年2月3日）,2016
2744,"板橋区 マハヤナ学園撫子園（2016年12月23日）",2016
2745,"調布市 調布学園（2017年3月18日）",2016
2749,町田市立鶴川第三小学校（2017年2月18日）,2016
2750,東京都立八王子東特別支援学校（2017年2月21日）,2016
2753,"東京都江戸博物館 ワークシートの作り方",2016
2754,"海のプロセス - 言葉をめぐる地図",2017
2756,茶席　中島の御茶屋,2017
2757,新章風景＃2-現代における風景写真の在り方-,2017
2758,ギャラリートーク,2016
2759,ワークショップ,2016
2763,"舞台芸術創造事業 夏目漱石生誕150年記念・国際共同制作 オペラ「Four Nights of Dream」（日本初演）",2017
2764,茶席　芳梅亭,2017
2766,野点,2017
2768,"WELCOME ！ 英語で楽しむ茶席",2017
2770,高校生野点,2017
2771,茶道はじめて体験,2017
2774,"東京文化会館 オペラＢＯＸ「Help!Help!グロボリンクスだ!～エイリアン襲来!!～」",2017
2777,並河靖之七宝展　明治七宝の誘惑―透明な黒の感性,2017
2778,"創遊・楽落らいぶVol. 38",2017
2779,"創遊・楽落らいぶVol. 39",2017
2780,"創遊・楽落らいぶVol. 40",2017
2781,創遊・楽落“夜”らいぶVol.41,2017
2782,切断芸術運動というシミュレーション・アート展,2017
2783,エピクロスの空き地,2017
2786,東京文化会館《響の森》vol.40,2017
2787,境界を跨ぐと、,2017
2788,東京文化会館《響の森》vol.41「ニューイヤーコンサート2018」,2017
2791,【江戸東京博物館】図書室等の運営,2016
2796,江戸川区立鹿骨東小学校,2017
2798,[2017]鑑賞用ツールの制作と提供（ジュニアガイドなど）,2017
2800,"装飾は流転する　Decoration never dies, anyway",2017
2801,足立区立花畑小学校,2017
2804,舞台芸術創造事業「兵士の物語」,2016
2806,アーティストトーク,2017
2807,江東区立第五砂町幼稚園（2016年9月20日）,2016
2809,ブリッジの作り方シリーズ12「トリエンナーレ・シンドローム編」,2016
2810,豊島区立明豊中学校,2017
2812,台東区立金曽木小学校（2016年9月30日）,2016
2813,東村山市立萩山小学校,2017
2815,ギャラリー・トーク,2017
2816,小平市立小平第九小学校（2016年10月27日）,2016
2817,北区立王子第二小学校（2016年10月28日）,2016
2818,東京都立江東特別支援学校,2017
2821,山本麻紀子ワークショップ「落とし物のお店」,2017
2822,八王子市第六小学校（特別支援学級）（2016年10月31日）,2016
2824,荒川区立尾久幼稚園（2016年11月9日）,2016
2826,文京区柳町幼稚園（2016年11月25日）,2016
2828,"イグニションボックスDOMMUNE「EXTREME QUIET VILLAGE vol. 2 装飾の生命線」",2017
2829,台東区立台東保育園（2016年12月8日）,2016
2831,大田区立洗足池小学校,2017
2832,練馬区立大泉西小学校（2016年12月15日）,2016
2834,日の出町立大久野中学校（2016年12月20日）,2016
2837,千代田区立麹町幼稚園（2016年12月21日）,2016
2839,文京区立明化幼稚園（2016年12月21日）,2016
2841,"アール・デコ・リヴァイヴァル 鹿島茂コレクション　フランス絵本の世界",2017
2842,足立区立亀田小学校【校外学習】（2017年1月25日）,2016
2845,"「音楽で楽しむフランス絵本の世界 青柳いづみこによるドビュッシー『おもちゃ箱』」",2017
2847,「五感と想像力で歩く建築ツアー」,2017
2850,"上野deクラシック 4月",2017
2851,上野deクラシック5月,2017
2852,上野deクラシック6月,2017
2853,"上野deクラシック2月 2hours concert",2017
2854,上野deクラシック7月,2017
2855,上野deクラシック8月,2017
2856,上野deクラシック9月,2017
2857,上野deクラシック10月,2017
2858,"上野deクラシック11月 2hours concert",2017
2859,上野deクラシック11月,2017
2860,上野deクラシック12月,2017
2861,上野deクラシック1月,2017
2862,上野deクラシック3月,2017
2866,"BRIDGE STORY（ウェブコンテンツ）",2016
2869,ピアノ部門,2017
2870,"第15回東京音楽コンクール第1 次予選（非公開審査）",2017
2871,木管部門,2017
2872,弦楽部門,2017
2873,ピアノ部門,2017
2874,弦楽部門,2017
2875,木管部門,2017
2877,第15回東京音楽コンクール優勝者コンサート,2017
2879,深貝理紗子ピアノ・リサイタル,2017
2880,田原綾子ヴィオラ・リサイタル,2017
2881,"コハーン・イシュトヴァーン クラリネット・リサイタル",2017
2882,上野通明チェロ・リサイタル,2017
2884,夏休み子供音楽会2017《上野の森文化探検》,2017
2886,公開リハーサル,2017
2888,バックステージツアー《夏休みスペシャル！》,2017
2889,インターンプログラム,2016
2890,バックステージツアー《舞台編》,2017
2891,バックステージツアー《舞台編》,2017
2892,バックステージツアー《建築編》,2017
2894,【2017年】《弦楽四重奏》,2017
2896,【2017年】《弦楽四重奏》,2017
2898,【2017年】《弦楽四重奏》,2017
2899,【2017年】《弦楽四重奏》,2017
2901,ナイト・ミニ・コンサート,2017
2903,"小曽根 真＆ピーター・アースキン  “Jazz meets Classic” with東京都交響楽団",2017
2904,"小曽根 真＆ピーター・アースキン  “Jazz meets Classic” with東京都交響楽団（オリンパスホール八王子）",2017
2905,"第1回 アルディッティ弦楽四重奏団",2017
2906,"第2回 御喜美江＆大田智美",2017
2907,"第3回 アントニオ・メネセス",2017
2908,"第4回 北村英治カルテット",2017
2909,"第5回 イザベル・ファウスト",2017
2910,Vol.1「漱石の体験した洋楽〜室内楽と喜歌劇《ボッカチオ》」,2017
2911,"Vol.2藤木大地 カウンターテナー・リサイタル",2017
2912,"3 歳からの楽しいクラシック",2017
2913,"下町風俗資料館付設展示場 旧吉田屋酒店",2017
2914,東京文化会館キャノピー,2017
2915,東京文化会館キャノピー,2017
2916,"旧岩崎邸庭園 洋館内",2017
2917,"旧岩崎邸庭園 洋館内",2017
2918,"江戸東京たてもの園 子宝湯",2017
2919,"江戸東京たてもの園 子宝湯",2017
2920,"国立西洋美術館 本館 1 階ロビー",2017
2921,"東京国立博物館 本館大階段",2017
2922,"国立国会図書館 国際子ども図書館 レンガ棟    3 階ホール",2017
2923,"東京都美術館 佐藤慶太郎記念アートラウンジ",2017
2924,"東京都美術館 佐藤慶太郎記念アートラウンジ",2017
2925,"国立科学博物館 日本館中央ホール",2017
2928,[2017]とびらボードの貸出し,2017
2929,まちなかコンサート×ドリーム夜さ来い祭り,2017
2932,"まちなかコンサート×Station LIVE in 山手線 Special Train",2017
2935,東京文化会館、東京芸術劇場、文京シビックセンター他,2017
2937,カーザ・ダ・ムジカ（ポルトガル）,2017
2939,ポルトガル研修報告会(東京文化会館中会議室2),2017
2941,"ワークショップ・プログラム稽古(東京文化会館鑑賞室 他)",2017
2942,"あけてみよう！海のふしぎな宝箱 1 ） 6 ヶ月～18ヶ月",2017
2943,"タネまき、タネまき、大きくなあれ！ 1）19〜35ヶ月（2017年6月25日）",2017
2944,"あけてみよう！海のふしぎな宝箱 2 ）19ヶ月～35ヶ月",2017
2945,"あけてみよう！海のふしぎな宝箱 3 ）3〜 4歳",2017
2946,"タネまき、タネまき、大きくなあれ！ 2）3歳～ 4 歳（2017年6月25日）",2017
2947,GO！ワイルド！,2017
2948,"ムジカ・ピッコラ 1）3歳～4歳（2017年8月6日）",2017
2949,"ムジカ・ピッコラ 2） 5歳～6歳（2017年8月6日）",2017
2950,はじめましてクラシック〜ヴァイオリン＆ピアノ,2017
2951,はじめましてクラシック〜金管五重奏,2017
2952,"One Day セッション〜歌って奏でる日本の風景〜",2017
2953,"はじめましてクラシック〜弦楽四重奏〜 1）6〜18ヶ月",2017
2954,"はじめましてクラシック〜弦楽四重奏〜 2）19〜35ヶ月",2017
2955,"旅するヨーロッパ 3)5〜 6歳（未就学児）",2017
2956,"森の王様のフェスタ 1）19〜35ヶ月",2017
2957,"森の王様のフェスタ 2）3 歳～4歳",2017
2958,"森の王様のフェスタ 3）5 歳～ 6 歳",2017
2959,動物たんてい〜かくれているのは、だあれだ？〜1）6〜18ヶ月,2017
2960,動物たんてい〜かくれているのは、だあれだ？〜2）19〜35ヶ月,2017
2961,"Music Clock（2018年3月4日）",2017
2962,"はじめましてクラシック〜金管五重奏 1）19〜35ヶ月",2017
2963,[2017]展覧会関連参加型プログラムの実施,2017
2964,岩城京子,2017
2965,武田竜真,2017
2966,臼井仁美,2017
2967,"Qenji Yoshida",2017
2968,中島伽耶子,2017
2969,レオノール・セラーノ・リーヴァス,2017
2970,"リ ー･イーファン",2017
2971,アヌーク・ミラディノヴィッチ,2017
2972,パトリツィア・ダンダー,2017
2973,ジャンフランコ・フォスキーノ,2017
2974,ヴィンセント・ブロー,2017
2975,アブデルカデール・ベンチャマ,2017
2976,アグア・チョウ,2017
2977,モハメド・アラム,2017
2978,マルク・カエラス,2017
2979,ブレンダ・ロサノ,2017
2980,ワン・チョン,2017
2981,ローワン・ゲッディス,2017
2982,マリオ・リッツィ,2017
2983,ティボー・カペラン&クロエ・フリク,2017
2984,クラウディオ・ゼッキ,2017
2985,ジャン＝マキシム・デュフレーヌ＆ヴィルジニー・ラガニエール,2017
2986,ケルスティン・ブレチュ,2017
2987,"はじめましてクラシック〜金管五重奏 2）6〜18ヶ月",2017
2988,"咲かせよう！音楽の花 1）6ヶ月～18ヶ月（2017年7月14日）",2017
2989,"咲かせよう！音楽の花 2）19ヶ月～35ヶ月（2017年7月14日）",2017
2990,リズミカル・キッチン,2017
2991,"One Day コーラス",2017
2992,"コオロギの大冒険 2） 6 ヶ月～18ヶ月",2017
2993,"コオロギの大冒険 1）19ヶ月～35ヶ月",2017
2994,"森の王様のフェスタ 1）6〜18ヶ月",2017
2995,"森の王様のフェスタ 2）5 歳～ 6 歳",2017
2996,"旅するヨーロッパ 1） 6 ヶ月～18ヶ月",2017
2997,"旅するヨーロッパ 2）3歳～14歳",2017
2998,ボディ・ビート,2017
2999,"おとぎの国へLet’s go! 1）5 歳～ 6 歳",2017
3000,"おとぎの国へLet’s go! 2）3 歳～ 4 歳",2017
3001,"動物たんてい〜かくれているのは、だあれだ？〜 1）19ヶ月～35ヶ月",2017
3002,"動物たんてい〜かくれているのは、だあれだ？〜 2）3 歳～ 4 歳",2017
3003,"咲かせよう！音楽の花 1）19ヶ月～35ヶ月（2017年11月29日）",2017
3004,"咲かせよう！音楽の花 2）6ヶ月～18ヶ月（2017年11月29日）",2017
3005,"おとぎの国へLet’s go! 1）6 ヶ月～18ヶ月",2017
3007,"おとぎの国へLet’s go! 2）19ヶ月～35ヶ月",2017
3008,"おとぎの国へLet’s go! 3）3 歳～ 4 歳",2017
3009,"One Day セッション〜歌って奏でる日本の風景〜",2017
3011,"動物たんてい〜かくれているのは、だあれだ？〜 1）6ヶ月～18ヶ月",2017
3013,"動物たんてい〜かくれているのは、だあれだ？〜 2）19ヶ月～35ヶ月",2017
3014,"機関誌「ART BRIDGE」の発行",2016
3015,ボディ・ビート,2017
3016,新制作A・チーズを探せ！くいしんぼうネズミ！,2017
3018,新制作B・ミュージック・レター,2017
3019,"旅するヨーロッパ 1）3 歳～ 4 歳",2017
3020,"旅するヨーロッパ 2）5 歳～ 6 歳",2017
3021,リズミカル・キッチン,2017
3022,"ライオン・ビート 1）6 ヶ月～18ヶ月",2017
3023,"ライオン・ビート 2）19ヶ月～35ヶ月",2017
3024,"One Day コーラス",2017
3025,"はじめましてクラシック～ヴァイオリン＆ピアノ 1）19 ヶ月～35ヶ月",2017
3026,"はじめましてクラシック～ヴァイオリン＆ピアノ 2）6 ヶ月～18ヶ月",2017
3027,"タネまき、タネまき、大きくなあれ！ 1）19ヶ月～35ヶ月（2017年12月3日）",2017
3028,"タネまき、タネまき、大きくなあれ！ 2）3歳～4歳（2017年12月3日）",2017
3029,クラシックであそぼう！,2017
3030,めざせ！おんがく忍者！1）3〜4歳,2017
3031,文京区立青柳幼稚園（2017年1月31日）,2016
3033,小平市立小平第九小学校（2017年2月2日）,2016
3034,カラダ・オト・ウタウ,2017
3035,旅するヨーロッパ(大島町差木地保育園),2017
3036,旅するヨーロッパ(大島町子ども家庭支援センター),2017
3037,"めざせ！おんがく忍者！ 1）3〜4歳",2017
3038,旅するヨーロッパ,2017
3043,小金井市立小金井第二小学校（特別支援学級）（2017年2月16日）,2016
3047,めざせ！おんがく忍者！2）5〜6歳,2017
3048,台東区立台桜幼稚園（2017年2月20日）,2016
3053,"めざせ！おんがく忍者！ 2）5〜6歳",2017
3054,旅するヨーロッパ1）3〜4歳,2017
3055,旅するヨーロッパ2）5〜6歳,2017
3059,ブリティッシュ・カウンシルとの連携,2017
3060,ネットワーカープログラム,2016
3061,"とびだせ！おんがくたんけん隊 1）6〜18ヶ月",2017
3064,"とびだせ！おんがくたんけん隊 2）19〜35ヶ月",2017
3065,"ムジカ・ピッコラ 1）3歳～4歳（2017年7月30日）",2017
3066,"森の王様のフェスタ 1）6〜18ヶ月",2017
3067,募集プログラム　プログラムA　スティールパン,2016
3070,"森の王様のフェスタ 2）4 歳～ 6 歳",2017
3071,GO！ワイルド！,2017
3074,"はじめましてクラシック〜ヴァイオリン＆ピアノ〜 1）6〜18ヶ月",2017
3076,森の王様のフェスタ,2017
3077,"はじめましてクラシック〜ヴァイオリン＆ピアノ〜 2）19ヶ月〜3歳",2017
3078,ムジカ・ピッコラ（2018年1月28日）,2017
3079,チーズを探せ！くいしんぼうネズミ！,2017
3081,"With My Baby（マタニティ・ワークショップ）",2017
3083,募集プログラム　プログラムB　義太夫,2016
3084,"東京都立大塚ろう学校 城東分教室",2017
3086,東京都立八王子特別支援学校（2017年7月18日）,2017
3087,東京都立八王子特別支援学校（2017年9月4日）,2017
3088,東京都立清瀬特別支援学校,2017
3090,東京都立八王子特別支援学校（2017年10月24日）,2017
3091,久我山青光学園,2017
3093,久我山青光学園,2017
3094,東京都立王子特別支援学校,2017
3095,募集プログラム　プログラムC　ウクレレ,2016
3097,東京都立城東特別支援学校,2017
3099,東京都立鹿本学園,2017
3101,東京都立小平特別支援学校,2017
3104,"台東区老人福祉センター 大集会室（2017年12月4日）",2017
3105,プレトークイベント「この街の音楽の未来を語ろう」,2016
3108,"ケアハウス松が谷 デイルーム",2017
3111,有料老人ホームリブイン（足立邦栄会）,2017
3115,特別養護老人ホームさくら（足立邦栄会）,2017
3117,"くらまえ高齢者在宅サービスセンター 6Fデイルーム",2017
3120,あさくさ高齢者在宅サービスセンター,2017
3123,高齢者向け音楽プログラム開発のためのトレーニング,2017
3125,発表会「ほくさい音楽博」,2017
3127,"[2017]ワンダーシード2018関連企画ワークショップ  種から咲かそう！ワンダーフラワー",2017
3130,ワンダーシード2018,2017
3133,"[オープン・スタジオ 2017-2018]2017.7.21 -7.23",2017
3136,大田区立馬込第二小学校,2017
3138,大田区立大森第一小学校,2017
3140,町田市立高ヶ坂小学校,2017
3142,北区立赤羽台西小学校,2017
3143,八王子市立恩方第一小学校,2017
3145,杉並区立済美養護学校,2017
3147,品川区立荏原平塚学園,2017
3149,立教女学院小学校,2017
3151,豊島区立池袋第三小学校,2017
3153,江東区立第五大島小学校,2017
3155,東京都立南大沢学園,2017
3157,中野区立鷺宮小学校,2017
3159,目黒区立下目黒小学校,2017
3161,練馬区立早宮小学校,2017
3163,調布市立第一小学校,2017
3164,"[オープン・スタジオ 2017-2018]2017.11.10-11.12",2017
3165,葛飾区立本田小学校,2017
3167,八王子市立横川小学校,2017
3169,オペラの登場人物になる！《童子》,2016
3170,北区立第四岩淵小学校,2017
3172,板橋区立志村小学校,2017
3174,"[オープン・スタジオ 2017-2018]2018.3.9-3.11",2017
3175,世田谷区立上北沢小学校,2017
3177,府中市立日新小学校,2017
3179,オペラの登場人物になる！《合唱・演技》,2016
3180,東久留米市立第三小学校,2017
3182,東村山市立東萩山小学校,2017
3184,東大和市立第一小学校,2017
3186,大島町立つばき小学校,2017
3189,世田谷区立芦花小学校,2017
3190,西東京市立谷戸小学校,2017
3192,葛飾区立保田しおさい学校,2017
3194,東京都立八王子特別支援学校（2018年1月12日）,2017
3196,荒川区立大門小学校,2017
3198,国立市立国立第五小学校,2017
3200,立川市立新生小学校,2017
3201,"ミュージック・プログラム・トーキョーMusic　EducationProgram Talk & lesson",2016
3203,八王子市立長沼小学校,2017
3204,青梅市立河辺小学校,2017
3206,青梅市立友田小学校,2017
3208,"TWS-Emerging 2017 Part.1",2017
3210,"TWS-Emerging 2017 Part.2",2017
3211,"TWS-Emerging 2017 Part.3",2017
3213,【2017】東京都江戸東京博物館　演芸プログラム,2017
3214,東京フォーラム《連携と人財育成がヒラク未来》,2017
3216,首都圏文化施設における教育普及プログラム担当者のための意見交換会,2017
3218,【2017】浅草文化観光センター　日本舞踊プログラム,2017
3219,"コハーン・イシュトヴァーン＆中野翔太 デュオ・コンサート",2017
3220,平成29年度全国4館連携フォーラム実施報告会,2017
3222,"０〜３才児のためのはじめてのステージ 〜クラリネットってなあに？",2017
3226,"小曽根 真ワークショップ「自分でみつける音楽」Vol.5",2017
3228,東京都内における特別支援学校コンサート（東京都立青峰学園体育館）,2016
3230,オペラの登場人物になる！《合唱・演技》《ダンス》,2017
3231,東京都内における特別支援学校コンサート（東京都立清瀬特別支援学校）,2016
3233,東京都内における特別支援学校コンサート（東京都立白鷺特別支援学校）,2016
3234,オペラの登場人物になる《工作》,2017
3235,"[2017]渋谷自在 ―無限、あるいは自己の領域",2017
3238,東京都内における特別支援学校コンサート（東京都立江東特別支援学校）,2016
3242,練馬区立小竹小学校,2017
3245,"[2017]TWS渋谷 クロージング・イベント",2017
3246,大田区立松仙小学校,2017
3248,町田市立町田第三小学校,2017
3250,【2017】浅草文化観光センター　長唄三味線プログラム,2017
3252,江東区立大島南小学校,2017
3254,台東区立坂本保育園,2017
3256,八王子市立上柚木小学校,2017
3258,江戸川区立鎌田東小学校,2017
3260,葛飾区立堀切中学校,2017
3262,八王子市立上壱分方小学校,2017
3264,新宿区立落合第五小学校,2017
3266,西東京市立谷戸小学校,2017
3268,東村山市立秋津小学校,2017
3270,八王子市立由井第一小学校,2017
3272,北区立王子第二小学校,2017
3274,台東区立柏葉中学校,2017
3276,小平市立小平第九小学校,2017
3278,台東区立根岸小学校,2017
3280,江東区立つばめ幼稚園,2017
3282,江東区立浅間堅川小学校,2017
3284,台東区立浅草橋保育園,2017
3286,荒川区立東日暮里幼稚園,2017
3288,福生市福生第二小学校,2017
3290,台東区立忍岡小学校,2017
3293,羽村市立羽村西小学校,2017
3295,昭島市立多摩辺中学校,2017
3298,東村山市立大岱小学校,2017
3300,深川資料館通り商店街協同組合事務所1F,2017
3316,八王子市立上川口小学校,2017
3319,墨田区立言問小学校,2017
3321,文京区立後楽幼稚園,2017
3323,台東区立上野小学校,2017
3326,八王子市立由木西小学校,2017
3328,八王子市立恩方第一小学校,2017
3329,東京文化会館ミュージック・ワークショップ「ムジカ・ピッコラ」,2016
3330,台東区立金曽木小学校,2017
3331,台東区立台東保育園,2017
3332,"台東区立大正幼稚園（Workshop Workshop!国際連携企画）",2017
3334,"C/Sensor-ed Scape",2017
3335,台東区立松が谷保育園,2017
3337,八王子市立第六小学校,2017
3339,台東区立千束保育園,2017
3341,足立区立鹿浜西小学校,2017
3343,新宿区立西新宿小学校,2017
3345,台東区立浅草小学校,2017
3347,葛飾区立北住吉幼稚園,2017
3349,台東区立玉姫保育園,2017
3351,小金井市立小金井第一中学校（特別支援学級）,2017
3353,千代田区立番町幼稚園,2017
3354,グランチェスター・ハウス,2017
3356,台東区立石浜橋場こども園,2017
3358,多摩市立青陵中学校,2017
3359,北区立柳田小学校,2017
3362,稲城市立南山小学校,2017
3364,日の出町立大久野中学校,2017
3365,"旅するヨーロッパ 1）19ヶ月～35ヶ月（2016年10月6日）",2016
3366,台東区立待乳保育園,2017
3368,文京区立湯島幼稚園,2017
3370,小平市立緑小学校,2017
3372,墨田区立押上小学校,2017
3377,文京区立第一幼稚園,2017
3379,旧喫茶店,2017
3384,三好の旧製本所,2017
3387,三好の旧建具屋,2017
3390,平野の旧印刷所,2017
3392,"“Born Creative” Festival 2017",2017
3393,"東京藝術大学 アーツ・アンド・サイエンス・ラボ",2017
3399,"旅するヨーロッパ 2）6ヶ月～18ヶ月（2016年10月6日）",2016
3401,"エサ＝ペッカ・サロネン指揮 フィルハーモニア管弦楽団",2017
3403,"東京都江戸東京博物館 演芸プログラム",2016
3404,"浅草文化観光センター 日本舞踊プログラム",2016
3406,"浅草文化観光センター 長唄三味線プログラム",2016
3407,"福徳の森内特設ステージ 演芸プログラム",2016
3408,"オールプレス エスプレッソ、ナンディニ、大久保クリーニング、smokebooks、御菓子司 双葉、株式会社スター  トライン、Coci la elle（コシラエル本店）、三河屋さんの米置き場、江東区立深川図書館",2017
3409,第1回,2017
3410,第2回,2017
3411,第3回,2017
3412,第4回,2017
3413,第5回,2017
3414,"橋楽亭（コレド室町3／3F） 着物着付けプログラム",2016
3423,キックオフ・ミーティング,2017
3424,"浜離宮恩賜庭園 華道プログラム",2016
3426,"浜離宮恩賜庭園 東京くみひもプログラム",2016
3427,"浜離宮恩賜庭園 着物着付けプログラム",2016
3429,"歌舞伎座ギャラリー 歌舞伎プログラム",2016
3430,「ここクリエイション」宮内康乃「響きあう、いまとあなたと」,2017
3433,"羽田空港国際線旅客ターミナル 獅子舞・曲芸プログラム",2016
3436,"羽田空港国際線旅客ターミナル 和妻プログラム",2016
3437,"丸ビル1Fマルキューブ 書道プログラム",2016
3438,"丸ビル1Fマルキューブ 獅子舞プログラム",2016
3439,"MOSHI MOSHI BOX 原宿観光案内所 2F MOSHI MOSHI GALLERY 東京染小紋プログラム",2016
3441,"MOSHI MOSHI BOX 原宿観光案内所 2F MOSHI MOSHI GALLERY 江戸風鈴プログラム",2016
3442,"薬師寺東京別院 香道プログラム",2016
3445,レセプション,2017
3446,"Let’s All Enjoy the World of Nihon Buyo－The Japan－ みんなで楽しむ日本舞踊の世界～The 日本～",2016
3449,"Noh theater in the garden－ Spreading Japanese elegance from Tokyo to the world－ 芝能 ～日本の雅、東京から世界へ～",2016
3450,下道基行「見えない風景/深川編」ワークショップ,2017
3453,庭園公開,2017
3455,Art,2016
3457,ウェルカムルームの運営,2017
3460,"総合開館20周年記念事業 夜明けまえ 知られざる日本写真開拓史 総集編（2017/4/1～）",2017
3462,"総合開館20周年記念事業 山崎博　計画と偶然",2017
3464,"総合開館20周年記念事業 TOPコレクション いま、ここにいる― 平成をスクロールする 春期",2017
3474,Live,2016
3476,Performance,2016
3478,展示,2016
3480,トークイベント,2016
3482,"N響JAZZ at 芸劇",2017
3484,"読響サマーフェスティバル2017  ルイージ特別演奏会",2017
3486,"東京吹奏楽団 第64回定期演奏会",2017
3487,"はじめましてクラシック～木管五重奏 1）6ヶ月～18ヶ月（2016年10月6日）",2016
3488,英国女王陛下の近衛軍楽隊,2017
3490,"はじめましてクラシック～木管五重奏 2）19ヶ月～35ヶ月（2016年10月6日）",2016
3491,"東京佼成ウインドオーケストラ 第135回定期演奏会",2017
3492,ブラック・ダイク・バンド,2017
3493,バンドクリニック「中・高生のための楽しい吹奏楽」,2017
3494,"とびだせ！おんがくたんけん隊 1）6ヶ月～18ヶ月（2016年10月6日）",2016
3497,"クラシカル・プレイヤーズ東京 演奏会 最終公演",2017
3499,"とびだせ！おんがくたんけん隊 2）19ヶ月～35ヶ月（2016年10月6日）",2016
3500,リズミカル・キッチン（2016年10月6日）,2016
3502,"咲かせよう！音楽の花 1）19ヶ月～35ヶ月（2016年10月7日）",2016
3503,"咲かせよう！音楽の花 2）6ヶ月～18ヶ月（2016年10月7日）",2016
3505,"ライオン・ビート 1）6ヶ月～18ヶ月（2016年10月7日）",2016
3506,"ライオン・ビート 2）19ヶ月～35ヶ月（2016年10月7日）",2016
3507,"エディクソン･ルイス 室内楽マスタークラス",2017
3508,"One Day セッション（2016年10月7日）",2016
3509,"コオロギの大冒険 1）6ヶ月～18ヶ月（2016年10月8日）",2016
3510,"コオロギの大冒険 2)19ヶ月～35ヶ月（2016年10月8日）",2016
3511,"コオロギの大冒険 3）3歳～4歳（2016年10月8日）",2016
3512,"はじめましてクラシック～弦楽四重奏～ 1）6ヶ月～18ヶ月（2016年10月8日）",2016
3513,"エディクソン･ルイスと仲間たち 室内楽コンサート",2017
3514,"エル･システマ ガラコンサート",2017
3515,"～共生社会をめざす芸術活動とは～ ホワイトハンドコーラス ドキュメンタリー上映会 & トークセッション",2017
3516,"はじめましてクラシック～弦楽四重奏～ 2)19ヶ月～35ヶ月（2016年10月8日）",2016
3517,"One Day コーラス 3）一般（2016年10月8日）",2016
3518,"ムジカ・ピッコラ 1）3歳～4歳（2016年10月8日）",2016
3519,"ムジカ・ピッコラ 2）5歳～6歳（2016年10月8日）",2016
3520,ワルツの森のおんがく隊（新制作A）（2016年10月9日）,2016
3523,真夜中の音楽ミュージアム（新制作B）（2016年10月9日）,2016
3525,"東京芸術劇場シアターオペラvol.11 全国共同制作プロジェクト  プッチーニ／歌劇『トスカ』《新演出》 全3幕 日本語字幕付 イタリア語上演",2017
3526,"タネまき、タネまき、大きくなあれ！ 1)19ヶ月～35ヶ月（2016年10月9日）",2016
3527,"タネまき、タネまき、大きくなあれ！ 2）3歳～4歳（2016年10月9日）",2016
3529,"辻井伸行 音楽と絵画コンサート",2017
3530,ボディ・ビート（2016年10月9日）,2016
3531,"なぜなぜルーレット 1）3歳～4歳（2016年10月9日）",2016
3532,"なぜなぜルーレット 2）5歳～6歳（2016年10月9日）",2016
3533,"めざせ！おんがく忍者！ 1）3歳～4歳（2016年10月10日）",2016
3534,"めざせ！おんがく忍者！ 2）5歳～6歳（2016年10月10日）",2016
3535,クラシックであそぼう！（2016年10月10日）,2016
3537,"東京芸術劇場パイプオルガンコンサート vol.22  ～聖夜に贈るクリスマス･オラトリオ～",2017
3538,（座学編／実践編）「アートプロジェクトの0123（オイッチニーサン）」,2016
3544,"（実践編）「TERA English」",2016
3545,"東京芸術劇場コンサートオペラvol.5  ビゼー／歌劇『真珠とり』全3幕 *演奏会形式 日本語字幕付フランス語上演、照明付",2017
3546,石塚まこ公開制作,2017
3549,Talk,2016
3550,【芸劇提携事業】ブリュッセル・フィルハーモニー管弦楽団,2017
3551,ミリアム・レフコウィッツによる参加型パフォーマンス,2017
3553,草や布をねじる、組む、そして空間を編む,2016
3557,"【芸劇提携事業】めざましクラシックス サマーフェスティバル 2017",2017
3558,"【芸劇提携事業】前橋汀子 クリスマス・デイライト・コンサート Vol.5",2017
3559,前原たてもの園をつくろう！,2016
3562,「６年生のわたし」本町小自画像展,2016
3565,小学校の先生を対象としたワークショップ,2016
3567,愛の園保育園『ぼくの、わたしの、「あきのようせい」みーつけた！』,2016
3569,"【芸劇提携事業】仲道郁代 ピアノ・フェスティヴァル",2017
3570,市民生活展「想起のボタン」,2016
3571,第7回「ヴィオラに恋して」,2017
3572,第8回「バッハに心酔」,2017
3573,"第9回「清水和音 リサイタル」〜ピアノ小品 名曲大全集〜",2017
3574,第10回「偉大な芸術家の思い出」,2017
3575,第11回「華麗なるウインナー・ワルツ」～年末スペシャル公演～,2017
3576,第12回「ピアノ四重奏曲は美しい！」,2017
3578,"東京芸術劇場ランチタイム・パイプオルガンコンサート Vol.120",2017
3579,"東京芸術劇場ランチタイム・パイプオルガンコンサート Vol.125",2017
3580,"東京芸術劇場ランチタイム・パイプオルガンコンサート Vol.121",2017
3581,"東京芸術劇場ランチタイム・パイプオルガンコンサート Vol.122",2017
3582,"東京芸術劇場ランチタイム・パイプオルガンコンサート Vol.123",2017
3583,"東京芸術劇場ランチタイム・パイプオルガンコンサート Vol.124",2017
3585,"総合開館20周年記念事業 TOPコレクション コミュニケーションと孤独― 平成をスクロールする 夏期",2017
3586,東京芸術劇場ナイトタイム・パイプオルガンコンサートVol.17,2017
3588,エクスパンデッド・シネマ再考,2017
3590,"総合開館20周年記念事業 TOPコレクション シンクロニシティ― 平成をスクロールする 秋期",2017
3592,"TOP Collection アジェのインスピレーション ひきつがれる精神",2017
3596,東京芸術劇場ナイトタイム・パイプオルガンコンサートVol.18,2017
3597,東京芸術劇場ナイトタイム・パイプオルガンコンサートVol.19,2017
3598,東京芸術劇場ナイトタイム・パイプオルガンコンサートVol.20,2017
3599,東京芸術劇場ナイトタイム・パイプオルガンコンサートVol.21,2017
3600,"第67回 -特別編- 芸劇のオルガンを弾こう！",2017
3601,"第68回 -コンサート- ＆ -こうさく-",2017
3602,"第69回 -オルガン紀行 Vol.1- ドイツ～J.S.バッハ",2017
3603,"第70回 -オルガン紀行 Vol.2- パリ、サンドニ、ランスへの道～グリニ",2017
3604,"第71回 -オルガン紀行 Vol.3- 日本",2017
3606,0才から聴こう！！／４才から聴こう！！春休みコンサート,2017
3607,『光画』と新興写真　モダニズムの日本,2017
3610,リサーチ,2016
3612,"BLOOMING EAST オープンキャンパス",2016
3613,"NICOS LAB",2016
3614,羽田空港国際線旅客ターミナル　演芸プログラム,2017
3615,参加作家によるアーティストトーク,2017
3617,"総合開館20周年記念 ダヤニータ・シン インドの大きな家の美術館",2017
3620,"総合開館20周年記念 荒木経惟 センチメンタルな旅 1971－2017－",2017
3621,ミリアム・レフコウィッツによる参加型パフォーマンス,2017
3622,"東京シティアイ( ＫＩＴＴＥ地下1Ｆ）　箏曲プログラム",2017
3626,"Atsuko Nakamura によるワークショップ「水のプリントに挑戦してみよう！」",2017
3629,"長島有里枝 そしてひとつまみの皮肉と、愛を少々。",2017
3630,ウェンデリン・ファン・オルデンボルフによる上映会＆トーク,2017
3631,浜離宮恩賜庭園　華道プログラム,2017
3633,浜離宮恩賜庭園　江戸指物プログラム,2017
3634,ウェンデリン・ファン・オルデンボルフによるワークショップ,2017
3636,浜離宮恩賜庭園　着物着付けプログラム,2017
3637,歌舞伎プログラム,2017
3641,"無垢と経験の写真 日本の新進作家 vol. 14",2017
3643,写真発祥地の原風景　長崎,2017
3644,"""江戸糸あやつり人形×落語 「人情噺　文七元結」～年の瀬に観る風物落語　これぞ江戸っ子の心意気～""",2017
3646,能「翁」―神々との邂逅,2017
3652,キッズプログラムvol.4「自然素材でかわいいクッキーを作ろう！」,2016
3656,東京藝術大学＆桐朋学園大学,2017
3659,キッズプログラムvol.5「ドリームキャッチャーを作ろう！」,2016
3660,武蔵野音楽大学＆東京音楽大学,2017
3661,上野学園大学＆昭和音楽大学,2017
3662,東邦音楽大学＆国立音楽大学＆洗足学園音楽大学,2017
3665,"2018年3月24日(土) （東京芸術劇場 コンサートホール）",2017
3666,2018年3月25日(日)（ミューザ川崎シンフォニーホール）,2017
3668,フリーペーパー「12class」発行・「12class」公式ウェブサイトの運営,2016
3670,アトリウムコンサート,2017
3672,"第4回 演奏会",2017
3677,芸劇ジュニア･アンサンブル・アカデミー,2017
3678,"Relight Days",2017
3680,水曜コンサート,2017
3683,"Relight Committee",2016
3684,金曜コンサート,2017
3685,"Really Really Free Market",2017
3687,"Relight Archive（アーカイブ）",2016
3688,地域連携,2016
3690,"[ 調査研究] もやもやフィールドワーク 調査編",2016
3692,第13回,2016
3695,"芸劇 eyes 贅沢貧乏『フィクション・シティー』",2017
3696,第14回,2016
3697,"eyes plus  鳥公園のアタマの中展",2017
3698,"芸劇 eyes 烏丸ストロークロック『まほろばの景』",2017
3699,"eyes plus  劇団チョコレートケーキ『熱狂』・『あの記憶の記録』",2017
3700,オープンミーティング＆ワークショップ「ハーモニー」,2016
3701,"Aokid city meets Musashino Place",2017
3705,"T o k y o R e a l l y Really Free Store",2017
3707,イキウメ「天の敵」,2017
3708,"FUKAIPRODUCE羽衣 第21回公演「愛死に」",2017
3709,ハイバイ「ヒッキー・ソトニデテミターノ」,2017
3711,[2017]ハムレット,2017
3714,気づかいルーシー,2017
3717,朗読「東京」第五回,2017
3718,ワークショップ,2016
3723,"『自作自演』＜第15回＞ 芸劇＋トーク 異世代リーディング",2017
3724,"ARまちあるきツアー  清澄白河/MOT サテライトをめぐる",2017
3726,"RooTS Vol.05  秘密の花園",2017
3727,"錯視ブロックワークショップグループ  「サッカク・ブロック・ワークショップ」",2017
3729,"錯視ブロックワークショップグループ  「サッカク・ブロック・ワークショップ」",2017
3732,"としまアートステーション W パフォーマンス待合室",2016
3733,冨井大裕によるイベント「時間の彫刻」,2017
3737,"パフォーマンス 古川聖・藤井晴行・濵野峻行・小林祐貴   「Architecture dreams Music/ 建築が夢見る音楽」",2017
3739,下道基行「見えない風景/深川編」ワークショップ,2017
3740,オノコラープログラム　交流会,2016
3742,パルコ主催「不信～彼女が嘘をつく理由」,2017
3743,トーク＆まち歩きクルーズ「ガイドとめぐる清澄白河」,2017
3744,オノコラープログラム　選択プログラム,2016
3746,オノコラープログラム　オノコラーフェス,2016
3750,ミュージカル「パレード」,2017
3752,"大人計画 日本総合悲劇協会vol.6「業音」",2017
3755,"タイムライン ふくしまの中高生によるミュージカル創作・公演",2017
3760,中間報告＆ワークショップ「もやもやフィールドワーク調査編：ハーモニー」,2016
3761,活動報告＆ディスカッション「東京迂回路研究」,2016
3762,Aokidの海びらき！～君はもう、泳いでいる～,2017
3764,"初夏、Aokid とタップり踊るくんと音符ちゃん、むさしのプレイスのうた！",2017
3766,トークショー「コミュニティを築くアートとは」,2017
3769,"西荻映像祭2017 ―不可分な労働と表現―",2017
3777,パフォーマンス・デイ－秋のカラダ収穫祭－,2017
3779,アート展示,2017
3780,"としまアートステーション Z における創造活動",2016
3781,シンポジウム「人とまちをつなぐアート／その実践と展望」,2016
3783,としまアートステーションXのつくりかた,2016
3784,"ワークショップ「こころのたねとして： 齋藤陽道さんの写真から＠東京迂回路研究」",2016
3785,パフォーマンス,2017
3786,トーク「政治と芸術」,2017
3791,"東京都写真美術館 3F, 2F, B1F展示室",2017
3792,シンポジウム「西を動かす」,2017
3794,ERAKKO（テラッコ）屋,2017
3797,（座学編／実践編）「アートプロジェクトの0123（オイッチニーサン）」,2017
3802,日仏会館ギャラリー,2017
3803,日仏会館ギャラリー前,2017
3804,"映像展示：「知る」Their history, to be our story",2016
3807,"「見ないでおぼえましょう」Let's try and remember without looking",2017
3809,森の中に風景をつくる,2017
3813,「想起の遠足」本町小学校編「なぞってたどって“通学路”」,2017
3815,上映,2017
3816,"Hi-Blood Pressure展",2017
3819,オフサイト展示,2017
3821,写真展,2016
3822,トーク・プログラム,2016
3824,ここでも展示‼,2016
3827,マルティーヌ・シムズ,2017
3828,ナターシャ・ニジック＆䑓丸謙,2017
3829,SHIMURAbros,2017
3834,スッティラット・スパパリンヤ,2017
3835,ラファエル・ローゼンダール,2017
3836,"［コティングリー妖精写真および関連資料］ 井村君江（明星大学名誉教授）／浜野志保（千葉工業大学准教授）",2017
3837,永田康祐,2017
3838,高嶋晋一＋中川周,2017
3839,"地域連携プログラム MA2 Gallery］ 松原健（美術家）／飯沢耕太郎（写真評論家）  「INVISIBLE - 記憶を呼びおこす」",2017
3840,写真屋台,2016
3841,青柳菜摘,2017
3842,"invisible designs lab. ／木ノ下智恵子",2017
3850,昭和歌謡パーティー,2016
3851,横丁演劇部ワークショップ,2016
3853,横丁演劇部発表・インスタレーション,2016
3855,横丁演劇部勉強会,2016
3856,"スライドショー＆ライブ 「詩・写真・声－ここから言葉をつむぐということ」",2016
3858,"トークセッション「“ いたみ ”の共有は可能か？」",2016
3859,"[ 活動報告] JOURNAL東京迂回路研究３発行",2016
3860,"[ 活動報告] JOURNAL東京迂回路研究３発行記念イベント：生き抜くための“ 迂回路” をめぐって",2016
3863,ふわり◎シャボン玉,2016
3866,リサーチプログラム「江古田スープ」,2016
3868,対談紀行2016秋桜篇,2016
3871,場所の発掘・調査,2016
3872,「東京の物語にチェックインする」　東京ステイ　トークセッション＆ワークショップ,2016
3876,定時制高校：「言葉」のワークショップ,2017
3878,学校外活動：多文化ルービックキューブをつくる旅,2017
3880,"シェアリングセッション（Sharing Session）",2016
3882,人材育成プログラム,2016
3884,"Artpoint Meeting ＃02 －公（おおやけ）をつくる－",2017
3887,「不思議生物じゃーし」,2016
3889,「自分シール・自分マーク」,2016
3892,「ぐるぐるねんど」,2017
3893,"小金井と私 秘かな表現　想起の遠足",2017
3894,"記憶と記録のプロジェクト：ノコノコスコープ in 釜石・大槌（岩手）",2016
3906,とうほくのこよみのよぶね（岩手）,2016
3910,ニュースレター「まちはみんなのミュージアムだより」の発行,2017
3911,湾域のリサーチ,2016
3916,平成29年度成果展「今まで気づかなかったまちの見えかた　……の地図をえがこう！」,2017
3921,まちはみんなのミュージアム　かがわ工房編,2017
3922,松島湾とハゼ,2016
3925,海底タイムカプセル松島湾,2016
3927,湾域のネットワーキング,2016
3930,心のケアハウス・コミュニケーションワークショップ,2016
3932,こころとからだと人をつなぐ演劇体験教室2017,2016
3934,ココロがおどるえずこでおどる～楠原竜也とダンスせいじんたちの舞～,2016
3936,学校連携共同ワークショップ（福島）,2016
3952,トーク「文化の対象は、どこまで広がっているのか？」,2016
3953,ディスカッション「地域の多様性を大切にするためには？」,2016
3955,"タバマ企画10周年 新作公演「コンダクター」",2017
3956,"BACH DANCE・MUSIC・PAINT 廣田あつ子 x 加藤訓子 x 広田 稔",2017
3957,フォーラム「なぜ、文化に政策が必要なのか？」,2016
3959,マナビバ。番外編：オノコロ勉強会（福島）,2017
3961,ラジオ下神白―あのときあのまちの音楽からいまここへ―,2016
3964,「ファーズ―Fase」,2017
3965,森のはこ舟アートプロジェクト2016,2016
3972,"「時の渦－Vortex Temporum（ヴォルテックス・テンポラム）」",2017
3974,勅使川原三郎「月に吠える」,2017
3976,タレンツ・トーキョー,2016
3979,マルタン・ズィメルマン「Hallo」,2017
3981,「オセロー」,2017
3983,「表にでろいっ！」海外公演,2017
3987,基礎プログラム１、２、３　,2016
3988,シルコ・アエレオ「ピアニスト」,2017
3989,基礎プログラム1［思考編］,2016
3990,月と太陽―Eclipse―,2017
3991,"祝・劇団コープス20th 「ひつじ増量計画」",2017
3993,基礎プログラム2［技術編］,2016
3995,"長期 音楽制作コース",2017
3997,"長期 演劇制作コース",2017
3998,"短期 教育普及コース",2017
3999,基礎プログラム3［対話編］,2016
4002,"Memorial Rebirth千住 2016 青葉",2016
4004,ストリートアーティスト・アカデミー2017夏期,2017
4005,集中プログラム「アートプロジェクトが向かう、これからの在り方」,2016
4006,『幸せな現場づくり』のための研究会,2016
4007,第１回だじゃれ音楽研究大会,2016
4009,"国際交流企画第４弾： インドネシア調査篇レクチャー&コンサート ｢ジャワで交流したんじゃわ｣",2016
4011,自主映画制作プロジェクト参加者募集説明会,2016
4013,"ストリートアーティスト・アカデミー2017  特別ワークショップ ピーター・ポスト＆ベルナール・マスイー",2017
4014,ストリートアーティスト・アカデミー2018冬期,2017
4019,千住・縁レジデンス　友政麻理子「知らない路地の映画祭」,2016
4020,"タウンレコーダー 募集説明会",2016
4021,"第１回 勉強会「“編集”行為の幅を知って、言葉と音楽を使いこなそう！」",2016
4022,"第２回 勉強会「音のメディアの変遷を歴史から学ぼう！」",2016
4023,"メリー・スティルによる 俳優・演出家向けワークショップ",2017
4024,第３回ワークショップ「かんがえてみる」,2016
4025,"第４回ワークショップ「きいてみる」 第５回ワークショップ「つくってみる 発表会に向けた最終制作編」",2016
4026,リロ・バウアーによる俳優・ダンサー・演出家のための演劇ワークショップ,2017
4027,"英国フランティック・アッセンブリーによる 社会の課題に向き合う演劇ワークショップ ―実践に向けたファシリテーター・トレーニング―",2017
4028,"エル・システマ作曲教室 自分が好きな「音」を見つけよう！",2017
4029,試作品（デモ）発表会,2016
4035,「ハムレット」,2017
4036,「気づかいルーシー」,2017
4037,「リチャード三世」,2017
4038,"「表に出ろいっ！」English version”One Green Bottle”",2017
4039,"「池袋ウエストゲートパーク SONG＆DANCE 」",2017
4040,"「RooTS Vol.05 秘密の花園」",2017
4041,"ナイトタイム・パイプオルガンコンサート Vol.17公演説明会",2017
4042,"ナイトタイム・パイプオルガンコンサート Vol.18公演説明会",2017
4043,"ナイトタイム・パイプオルガンコンサート Vol.19公演説明会",2017
4044,"ランチタイム・パイプオルガンコンサート Vol.122 公演説明会",2017
4045,"ナイトタイム・パイプオルガンコンサート Vol.20公演説明会",2017
4046,"東京芸術劇場パイプオルガンコンサートVol.22  ～聖夜に贈るクリスマス･オラトリオ～ 公演説明会",2017
4047,"ナイトタイム・パイプオルガンコンサート Vol.21公演説明会",2017
4048,"『リチャード三世』 公演関連レクチャー  シルヴィウ・プルカレーテの演劇 〜言葉を越えて、イメージを越えて〜",2017
4049,"コンサートオペラvol.5『真珠とり』公演関連レクチャー  ビゼーの《真珠とり》～前例無き「アヴァン・ギャルド」なオペラの謎を追って～",2017
4050,"芸劇ウインド・オーケストラ第4回演奏会 関連レクチャー  指揮者シズオ・Z・クワハラによる事前レクチャー",2017
4052,【第１回】「『リチャード三世』劇評ワークショップ」,2017
4053,"【第2回】「『「表に出ろいっ！』English version”One Green Bottle”」観劇カフェ」",2017
4054,【第3回】トークイベント『劇評と演劇ジャーナリズム』,2017
4055,"「池袋学」都市の体温―池袋の想像力―   世界的写真家―森山大道―が語る都市、そして池袋の現在(いま)",2017
4056,"東北、池袋、そして武蔵野 ―地域学への視座―",2017
4057,"＜池袋学＞をふりかえる －新宿、渋谷、池袋。3つの地域学を比較する－",2017
4060,"親子で一緒に楽しもう！東京芸術劇場バックステージツアー Vol.9 「劇場のお仕事 プレイハウス編」",2017
4062,"「国際演劇年鑑」ワールド・シアター・レポート#File2  「ロシア」 変わりゆくロシア演劇界―サンクト・ペテルブルグを中心に―",2017
4064,国際演劇協会「紛争地域から生まれた演劇9」,2017
4066,"演劇系大学共同制作vol.5 『Theatresports™』",2017
4070,"プレ企画 vol.1ふわり◎シャボン玉＠西二祭り",2017
4072,"池袋ウエストゲートパーク SONG＆DANCE",2017
4074,"プレ企画 vol.2ふわり◎シャボン玉 ＠西新井第二小学校 宿泊防災訓練",2017
4075,１日だけのティーンズ楽団ワークショップ,2017
4077,"あら まほし Art, anything to access a world",2017
4079,ボクと15人の王様と女王様の作品展－こどもたちの小出ナオキつかいかた図鑑－,2017
4080,アートのみはらし,2017
4093,旅するリサーチ・ラボラトリーⅢ―フィールドワークと表現,2016
4094,"ALTERNATIVE ASIA PLATFORM",2016
4097,芸術祭のためのノート,2016
4099,アートプロジェクトの「言葉」に関するメディア開発：メディア／レターの届け方,2016
4100,TARL公式ウェブサイトリニューアル,2016
4104,"『アーツカウンシル東京ROOM302 アートプロジェクト検索サイトβ版 SEARCH302』",2016
4117,"PRイベント inあだち区民まつり　A-Festa 2017",2017
4120,"PRイベント in 第２回千住紙ものフェス",2017
4122,"大巻伸嗣「Memorial Rebirth　千住 2017 関屋」",2017
4124,"「フィリピンからの、ひとりひとり　マキララ ―知り、会い、踊る―」",2017
4126,こども歌づくりワークショップ,2017
4128,"第２回 だじゃれ音楽研究大会",2017
4129,"第２回 定期演奏会「かげきな影絵オペラ」",2017
4132,"集まれ！池袋みんなの大道芸 春期",2017
4133,"集まれ！池袋みんなの大道芸 秋期",2017
4137,"65歳からはじめよう！ 映像でつくるエンディングノート",2017
4139,チャレンジ広場2017,2017
4140,「食と言葉」第2回レクチャーパフォーマンス「啜る/綴る」,2017
4142,「僕らのアトム展」,2017
4144,「くらしに美術館を－ＭＯＴサテライトに行こう－」,2017
4146,"「食と言葉」第1回「Rules and Tools」",2017
4147,「ネオ・パーティー・キッズ」,2017
4149,かかしコンクールクルーズ「決定！！かかしコンクール・こども賞」,2017
4150,"「IAG AWARDS 2017 EXHIBITION  池袋アートギャザリング公募展」",2017
4151,「IAG期待の若手作家による大作展」,2017
4152,"「第17回 造形スタジオ・バル作品展」",2017
4153,"「西村貴久子・小熊秀雄小品と 池袋モンパルナスの会会員展」",2017
4155,アーツカウンシル・フォーラム　オープン・フォーラム2017,2016
4156,江東区民まつり・クルーズ「MOTおもしろプログラム」,2017
4158,トーク＆まち歩きクルーズ「ガイドとめぐる清澄白河」,2017
4159,学芸員の出張授業,2017
4160,秋山さやか,2017
4161,棚田康司,2017
4163,島しょ地域と学校連携－小笠原小学校文通プロジェクト,2017
4164,写真展「築地魚河岸ひとの町」,2016
4165,大人のための教育プログラム（ガイドスタッフによるギャラリートーク）,2017
4167,第１回キックオフフォーラム「文化によって創り出される都市の新たなアプローチ」,2017
4168,第七回　高円寺演芸まつり,2017
4172,2017年　染の小道,2016
4174,"第2回公開フォーラム「文化によって創り出される都市の新たなアプローチ」  ―都市の記憶と風景から―",2017
4175,新宿芸術天国2016,2016
4176,第3回池袋鉄道模型芸術祭,2017
4178,阿佐谷ジャズストリート2016,2016
4181,生活と表現2016,2016
4183,"プレイベント 「東北応援パフォーマンス～都民がおどる東北郷土芸能～」",2017
4184,第60回東京高円寺阿波おどり,2016
4189,江東区民まつり中央まつり民俗芸能大会,2016
4192,野外×アート×まちなか　トロールの森2016,2016
4193,創エネ・あかりパーク2016　ステージプログラム,2016
4198,"トパコ オープニングイベント",2017
4202,結城座　リーディングによる人形芝居～親子で楽しむ　読む・演じる・あやつる～（仮称）,2017
4205,亀岡,2017
4207,"TWS-NEXT @tobikan 「クウキのおもさ」",2016
4210,"TWS-Emerging 2016 Part.3",2016
4214,"TWS-Emerging 2016 Part.4",2016
4215,"TWS-Emerging 2016 Part.5",2016
4216,"TWS-Emerging 2016 Part.6",2016
4218,ワンダーシード2017,2016
4220,"オープン・スタジオ 2016-2017/11月",2016
4222,二条城,2017
4224,"オープン・スタジオ 2016-2017/3月",2016
4225,"東京キャラバンin 八王子",2017
4227,"東京キャラバンin 熊本 ワークショップ",2017
4229,"Part.3 アートセンター・アズ・ワールド・シチズン",2016
4230,"東京キャラバンin 熊本 パフォーマンス",2017
4236,泳ぎつづけなければならない,2016
4241,"東京キャラバンin 豊田 プレイベント",2017
4242,コンテンポラリー・プリミティブ・アニメーション,2016
4246,"EAT & ART TARO",2017
4249,池田晶紀、川瀬一絵,2017
4250,伊勢克也,2017
4251,[2017]今井さつき,2017
4255,岩田とも子,2017
4256,大西健太郎,2017
4257,角銅真実,2017
4258,きむらとしろうじんじん,2017
4259,久保田沙耶,2017
4260,"James Jack",2017
4261,[2017]高本敦基,2017
4262,今井さつき,2016
4267,滝沢達史,2017
4268,テンギョウ・クラ,2017
4269,永岡大輔,2017
4270,山城大督,2017
4271,中崎透,2017
4272,森山開次,2017
4273,山縣良和,2017
4282,第１回TURNミーティング,2017
4297,"第２回TURN ミーティング「TURNを検証するⅠ」",2017
4298,"第３回TURN ミーティング「TURN を検証するⅡ～TURN が描く社会～」",2017
4299,"第４回TURN ミーティング 年次報告会",2017
4302,展示、パフォーマンス、ワークショップ,2017
4303,"TURN ツアー",2017
4304,トーク,2017
4305,"TURN フェス・サポーター",2017
4306,"TURN LAND",2017
4309,"NO LIMITS SPECIAL 2017 上野〔TURNブース出展〕",2017
4311,アルゼンチン・ブエノスアイレス,2017
4313,ペルー・リマ,2017
4316,"大江戸寄席と花街のおどり その七",2017
4317,第18回多摩川流域郷土芸能フェスティバル,2017
4318,"「FORM II」",2017
4319,"伝統芸能普及公演 「能楽の水鏡」―映像に映すイマジネーション―",2017
4323,熈代ステージ,2017
4324,まち文化ストリート（伝統文化体験）,2017
4325,まちなか伝統パフォーマンス,2017
4330,"津軽三味線 ～楽風（がくふ）生命の響き～",2017
4331,"菅生歌舞伎 ～菅生一座～",2017
4332,"ファッションショー 「温故知新」★ 八王子Style ★",2017
4333,華やかな衣裳でお目見え～人力車「お練り」巡行～,2017
4334,"八王子芸妓衆の華と粋 ～艶やかにおもてなし～",2017
4335,"大戸ばやし保存会 ～地域で伝承されていく大戸の響き～",2017
4336,"八王子祭囃子連合会 ～粋で鯔背な夏の音～",2017
4337,"八王子車人形 ～流るる時の川～",2017
4338,箏と尺八～日本の心、魂の歌～,2017
4339,"聴いてみよう！ MJのお箏を ～武蔵野女子学院中学校・高等学校 筝曲演奏～",2017
4340,"江戸小紋 型紙展示 ～究極の職人業～",2017
4341,人力車～昭和の面影を探す街めぐり～,2017
4342,茶会～街なかで日本流おもてなし～,2017
4343,"紙漉き体験 ～多摩大学村山貞幸ゼミ 日本大好きプロジェクト～",2017
4344,織物体験～昔と今が織りなす世界～,2017
4347,新日本フィル,2016
4349,日本フィル,2016
4351,東京フィル,2016
4352,Ｎ響,2016
4354,読響,2016
4355,都響,2016
4358,東響,2016
4360,シティフィル,2016
4361,３大Ｂソナタ,2016
4364,"TRANS ARTS TOKYO 2016 UP TOKYO",2016
4371,ミュージカル『わたしは真悟』,2016
4373,"NIHONBASHI NIGHT PROGRAM SAKURA-JAPAN IN THE BOX- 2016→2020 presented by MEIJIZ",2016
4375,"TOKYO DESIGN WEEK ～ IMAGINE FUTURE",2016
4377,"第17回東京フィルメックス／TOKYO FILMeX 2016",2016
4379,ヒューマンライツ・フェスタへの参加,2017
4380,渋谷芸術祭への参加,2017
4383,ピアノ三重奏,2016
4384,弦楽四重奏,2016
4385,藤原歌劇団公演　オペラ「カルメン」全４幕,2016
4388,ISHI,2016
4389,"東京二期会オペラ劇場 「トスカ」全３幕",2016
4390,"A. 国際シンポジウム 不可視性について",2017
4391,チャンス・フィギュレーション,2016
4392,日本オペラ協会公演　オペラ「よさこい節」全２幕,2016
4393,バイナリー：二本のフルートのためのコンサート,2016
4394,2020,2016
4396,"地人会新社　第６回公演 「豚小屋」～ある私的な寓話（おはなし）～",2016
4398,AM落語,2016
4402,AM狂言,2016
4403,AM和妻,2016
4404,AM狂言,2016
4405,AM三味線,2016
4406,AM日本舞踊,2016
4407,PM日本舞踊,2016
4408,PM落語,2016
4409,PM狂言,2016
4410,PM和妻,2016
4411,PM三味線,2016
4412,落語,2016
4414,狂言,2016
4415,和妻,2016
4416,三味線,2016
4417,日本舞踊,2016
4424,"「フィリピンからの、ひとりひとり　マキララ ―知り、会い、踊る―」",2017
4425,"東京都美術館 ティーチャーズ・デイ",2017
4427,"江戸東京たてもの園 教育プログラム",2017
4428,"東京都江戸東京博物館 ワークシートの作り方",2017
4429,"東京都写真美術館 スクールプログラム",2017
4430,"東京芸術劇場 ワークショップ事業",2017
4431,"東京文化会館 教育プログラム事業",2017
4432,連続勉強会「多文化共生を考える」,2017
4433,友政麻理子,2017
4434,タップダンス,2016
4438,"足立区西新井文化ホール指定管理者構成企業 株式会社 JTB コミュニケーションデザイン",2017
4440,立川市,2017
4441,おもしろミュージックランド,2016
4443,公益財団法人荒川区芸術文化振興財団,2017
4446,"なかのZERO 指定管理者JN 指定管理者共同事業体 株式会社JTB コミュニケーションデザイン",2017
4448,公益財団法人府中文化振興財団,2017
4450,公益財団法人江東区文化コミュニティ財団,2017
4452,公益財団法人武蔵野文化事業団,2017
4453,人形遣い,2016
4456,公益財団法人小平市文化振興財団,2017
4458,探検コンサート,2016
4459,江戸博・チョコレート戦争,2016
4461,公益財団法人品川文化振興事業団,2017
4463,羽村市,2017
4465,江戸川区総合文化センター指定管理者サントリーパブリシティサービスグループ代表企業　サントリーパブリシティサービス株式会社,2017
4467,いおり博士,2016
4468,公益財団法人調布市文化・コミュニティ振興財団,2017
4469,公益財団法人くにたち文化・スポーツ振興財団,2017
4470,"西東京市保谷こもれびホール指定管理者 株式会社JTBコミュニケーションデザイン",2017
4472,表現（Hyogen）「茶チャMムジカUSICA」,2017
4474,ないたあかおに,2016
4475,公益財団法人新宿未来創造財団,2017
4476,一般財団法人狛江市文化振興事業団,2017
4477,公益財団法人北区文化振興財団,2017
4479,公益財団法人板橋区文化・国際交流財団,2017
4481,日野市,2017
4483,公益財団法人多摩市文化振興財団,2017
4485,公益財団法人文京アカデミー,2017
4487,公益財団法人練馬区文化振興協会,2017
4489,公益財団法人港区スポーツふれあい文化健康財団,2017
4491,"葛飾区文化施設指定管理者 株式会社キョードー東京",2017
4493,公益財団法人目黒区芸術文化振興財団,2017
4495,"秋川キララホール指定管理者代表団体 株式会社コンベンションリンケージ",2017
4496,武蔵村山市民会館指定管理者　株式会社ケイミックスパブリックビジネス,2017
4498,"地域連携プログラム「表現（Hyogen）×松本一哉 ライブ」",2017
4499,音盤千住　レコ発企画「聴きめぐり千住！」,2017
4501,"今村俊博×池田 萠 第5 回パフォーマンス・デュオ公演 音楽のバウンダリー",2016
4503,アート・コミュニケータ養成,2017
4504,第7期とびラー2次面接,2017
4505,基礎講座,2017
4507,"実践講座 アクセス",2017
4508,"B.［コラボラティヴ・カタロギング・ジャパン（CCJ）共催企画］ 国際連携シンポジウム タイムベースド・メディアの収集保存 ―― ニューヨーク近代美術館、アンソロジー・フィルム・ アーカイヴス、東京都写真美術館の事例から",2017
4509,"C.［日仏会館共催企画］ 映像のヴィジブル／インヴィジブル ――8K映像の可能性",2017
4510,ドラゴンの人形,2016
4511,"実践講座 建築",2017
4512,まいごのこねこ,2016
4514,"I. mamoru ライヴ・パフォーマンス：あり得た（る）かもしれないその歴史を聴き取ろうとし続けるある種の長い旅路、特に日本人やオランダ人その他もろもろに関して",2017
4515,"Ⅱ. エクスパンデッド・シネマ・パフォーマンス：Beyond the Frame",2017
4516,マチノヒ,2016
4518,3匹のこぶた,2016
4520,ぶす,2016
4521,だるま森,2016
4523,アンデスの笛,2016
4524,黄金の実,2016
4526,おはなしちんどん,2016
4527,えのきだまさし,2016
4528,とびだす音楽,2016
4529,14ひきのはるなつあきふゆ,2016
4530,バオバブライブ,2016
4532,びりとブッチー,2016
4533,おおきなかぶ,2016
4534,はじめてのオーケストラ,2016
4536,探検コンサート,2016
4537,"フェスティヴァルの全体像を掴もうツアー ［90分／日本語］",2017
4538,"Full Festival Tour",2017
4539,"TOPメイン会場ツアー ［60分／日本語］",2017
4540,"TOP Museum Guided Tour: EnglishVersion",2017
4541,白雪姫②,2016
4542,ゲゲゲの鬼太郎,2016
4544,傘の幕に映してみるぞい,2016
4545,彼と私,2016
4546,上映とトーク『波のした、土のうえ』,2016
4548,役者になって大ひょーげん,2016
4550,スペシャルチャレンジ企画　生アテレコ,2016
4552,Trace(s),2016
4553,"「YEBIZO MEETS」Ⅰ 特別セッション 東京から発信する映画・映像祭の「今」",2017
4554,"「YEBIZO MEETS」Ⅱ 地域発信トーク：NPO法人アーツイニシアティヴトウキョウ",2017
4555,"「YEBIZO MEETS」Ⅲ リンクセッション：東京から発信するグラスルーツアートプロジェクトを検証 ―　オルタナティヴ・スペースstatements／アサクサの事例から",2017
4556,"「YEBIZO MEETS」Ⅳ 地域連携発信 特別イベント視覚障害者とつくる美術鑑賞ワークショップin恵比寿映像祭",2017
4559,すてきな３にんぐみ,2016
4561,"SELL OUR BODY E×P",2016
4562,しみじみクラゲ,2016
4564,モンちゃん,2016
4566,演劇,2016
4568,Tsumugine,2016
4569,"Acoustic Device 騒音のための5楽章",2016
4570,"POST-ER OFFICE",2016
4571,旗、越境者と無法地帯,2016
4572,Therapist,2016
4573,未来を創る映画館展,2016
4574,アーセナル・オブ・デモクラシー,2016
4575,ロング・ナイト,2016
4576,猟師の生活,2016
4578,"若手のための現代音楽企画ゼミ2016 プログラム",2016
4584,フェスティバルFUKUSHIMA!@池袋西口公園,2016
4585,「小名木川物語」試写会,2017
4586,「鍵」プレ公演,2017
4587,「知らない路地の映画祭」説明会,2017
4588,お茶の忘年会,2017
4591,「知らない路地の映画祭」ナカチョームービー大作戦,2017
4592,[2017]建築ツアーの開催,2017
4594,イデビアン・クルー『シカク』,2016
4595,"x / groove space",2016
4596,『Woodcutters－伐採－』,2016
4597,パク・グニョン×南山芸術センター『哀れ、兵士』,2016
4598,マレビトの会『福島を上演する』,2016
4599,"FM ３『Buddha Boxing』",2016
4600,ドーレ・ホイヤーに捧ぐ『人間の激情』『アフェクテ』『エフェクテ』,2016
4601,インスタントカフェ・シアターカンパニー『NADIRAH』,2016
4602,"『B.E.D.（Episode 5）』",2016
4603,"ASWARA － マレーシア国立芸術文化遺産大学『BONDINGS』",2016
4604,『POLITIKO』,2016
4605,『ふくちゃんねる』,2016
4606,『うたの木』,2016
4607,ドキュントメント『となり街の知らない踊り子』,2016
4608,"チェルフィッチュ 『あなたが彼女にしてあげられることは何もない』",2016
4609,"『ヨブの話̶善き人のいわれなき受難 L’homme de Hus』",2016
4610,"芸劇dance 勅使川原三郎×山下洋輔『up』",2016
4611,『かもめ』,2016
4612,『三代目、りちゃあど』,2016
4613,"第28回『 池袋演劇祭』",2016
4614,"『大田楽 いけぶくろ絵巻』",2016
4615,『ノイズの海』,2016
4616,"『TERU TERU!』",2016
4617,焦土,2016
4618,"『Kiss Kiss Bang Bang 2.0（a-work-in-progress）』",2016
4620,『enTRANCED』,2016
4621,『a』,2016
4622,オープニングセレモニー,2016
4623,トーク「０場」,2016
4624,オーケストラコンサート,2016
4625,SF映画『インターステラー』で学ぶ相対性理論超入門,2017
4627,体験ワークショップ,2016
4628,[2017]ギャラリートーク・アーティストトークの実施,2017
4629,"""あの千住のボッタが 帰ってきた！～影絵 とトークで時間を超える～tsu-na-ga-ruのボッタ""",2017
4630,"rooms 2",2017
4631,ミニコンサート,2016
4634,練習会「ほくさい音楽博」,2017
4648,「ほくさい音楽博」ガムラン体験会,2017
4651,[2017]キッズデーの参加プログラム試行実施,2017
4652,発表会「ほくさい音楽博」,2017
4655,"日本バレエ協会公演 「ラ・バヤデール」全幕",2016
4656,みまもり隊,2017
4663,[2017]障害のある方のための特別鑑賞会,2017
4664,"ワークショップ inしょうぶまつり",2017
4666,[2017]教員向け研修プログラムの実施,2017
4667,東京バレエ団＜ウィンター・ガラ＞,2016
4668,[2017]学校団体来館の対応（免除申請・電話相談・当日対応）,2017
4669,東京ニコス体験会,2017
4670,"Maker Faire Tokyo 2017 出展",2017
4672,"東京Orchest-Lab 活動日",2017
4675,[2017]とびラーなど学び合いの環境整備,2017
4676,"Relight Days",2017
4677,"Relight Committee",2017
4678,"[2017]東京都リーディングプロジェクト TURN FES",2017
4680,教材開発,2017
4681,PR,2017
4682,"Relight Symposium",2017
4684,東京都立八王子特別支援学校（2016年9月23日）,2016
4687,[2017]あいうえのファミリー（こどもと家族のプログラム）,2017
4688,"R.I.P.TOKYO はじまる",2017
4692,"R.I.P.TOKYO はなまる",2017
4695,"R.I.P.TOKYO みとれる",2017
4697,"R.I.P.TOKYO はぐれる",2017
4699,"R.I.P.TOKYO きこえる",2017
4700,"R.I.P.TOKYO くすぐる",2017
4703,"R.I.P.TOKYO みつける",2017
4705,"「Rest In Peace, TOKYO」戯曲　作成",2017
4706,記録集と映像記録を作成,2017
4707,"[2017]あいうえの学校 （学校向けプログラム）  スペシャルマンデーコース",2017
4710,"さよなら汐入タワー ～いままでありが塔～",2017
4711,"[2017]あいうえの学校 (学校向けプログラム)  平日開館コース",2017
4714,[2017]あいうえのメンバー向けプログラム,2017
4715,シェアリング・セッション,2017
4716,"""シェアリング・セッション Stories behind “How do we meet? How can we meet?”多文化な若者たちの居 場所づくり それぞれの現場から見えてきたいま""",2017
4717,[2017]学びあいカフェ,2017
4718,エンゲージメント・プログラム,2017
4719,地域連携プログラム,2017
4720,定時制高校でのプログラム,2017
4722,"【ボイマンス美術館所蔵 ブリューゲル「バベルの塔」展】記念講演会",2017
4723,学校外でのプログラム,2017
4724,【ボストン美術館の至宝展】,2017
4725,人材育成プログラム,2017
4726,"【杉戸洋展 とんぼ と のりしろ】",2017
4727,"【ゴッホ展 巡りゆく日本の夢】",2017
4728,【ブリューゲル展】,2017
4729,"【上野アーティストプロジェクト 現代の写実】",2017
4735,【誘致展】フォトジャーナリスト長倉洋海の眼　地を這い、未来へ駆ける,2017
4737,"【誘致展】第42回 2017 JPS展 日本写真家協会",2017
4739,フィールドワークする身体性,2017
4742,東京民俗学,2017
4743,"【誘致展】世界報道写真展2017 WORLD PRESS PHOTO 2017",2017
4745,"ピルグリム（ 巡礼）とは何か",2017
4747,「ピルグリム（巡礼）」フィールドワーク,2017
4750,【誘致展】写真新世紀東京展2017,2017
4753,合宿,2017
4756,実験イベント本番,2017
4757,実験イベント報告会,2017
4758,【誘致展】生誕100年　ユージン・スミス写真展,2017
4760,"【誘致展】APAアワード2018 第46回 公益社団法人日本広告写真家協会公募展",2017
4762,"【誘致展】清里フォトアートミュージアム収蔵作品展 原点を、永遠に。̶２０１８̶",2017
4764,"“アーカイブ” を知る・考える",2017
4766,"YATO の棚卸し",2017
4768,"YATO のお披露目",2017
4770,事業の基本方針および運営基盤構築のためのリサーチプログラム,2017
4772,"「HAPPY TURN」勉強会",2017
4774,"Artpoint Meeting ＃03 ―まちで企む―",2017
4775,"Artpoint Meeting ＃04 ―日常に還す―",2017
4776,"Artpoint Meeting ＃05 ―公開報告会―",2017
4779,図書室等の運営,2017
4781,ぐるぐるの会①「ぐるぐるミックスについての説明・平成29年度の活動に関する説明」,2017
4783,ぐるぐるミックス①「帯がみあそび」,2017
4785,ぐるぐるの会②,2017
4786,ぐるぐるミックス②－１「ミルボーづくり」,2017
4787,"東京工芸大学芸術学部 写真学科(2017年4月12日)",2017
4788,ぐるぐるミックス②－２「ミルボーの探検」,2017
4789,ぐるぐるの会③「盆栽あそび」に向けて,2017
4790,ぐるぐるミックス③「盆栽あそび」,2017
4791,"NHK文化センター 練馬光ヶ丘教室(2017年4月20日)",2017
4792,学習院大学(2017年4月27日),2017
4793,東京造形大学(2017年5月9日),2017
4794,山口県立大学(2017年5月19日),2017
4795,"東邦大学 看護学部(2017年6月16日)",2017
4796,ぐるぐるの会④「活動の振返り・今後に向けて」,2017
4800,[2017]東京フィルハーモニー交響楽団,2017
4801,[2017]NHK交響楽団,2017
4802,[2017]東京シティ・フィルハーモニック管弦楽団,2017
4803,[2017]東京交響楽団,2017
4804,[2017]新日本フィルハーモニー交響楽団,2017
4805,[2017]読売日本交響楽団,2017
4806,[2017]日本フィルハーモニー交響楽団,2017
4807,[2017]東京都交響楽団,2017
4810,東京都立八王子特別支援学校（2016年10月3日）,2016
4811,東京都立久我山青光学園（2018年1月19日）,2016
4812,"[2017]藤原歌劇団公演 オペラ『ナヴァラの娘』（日本初演）『道化師』",2017
4814,[2017]東京二期会オペラ劇場『ローエングリン』全3幕,2017
4815,"[2017]日本オペラ協会公演 オペラ『夕鶴』1幕",2017
4816,「カルテットが紡ぐ極上の響き」,2017
4827,「変奏曲とソナタへの誘い」,2017
4828,「日本人の愛のかたちVol.2＜うた～歌～唄～詩＞」,2017
4829,劇団俳優座公演『いつもいつも君を憶ふ』,2017
4834,"スターダンサーズ・バレエ団公演 「バランシンからフォーサイスへ」",2016
4836,"虚構の劇団 第13回公演  『もうひとつの地球の歩き方 ～How to walk on another Earth.～』",2017
4837,"ミュージカル『HEADS UP!』",2017
4838,名取事務所公演『渇愛』,2017
4839,"青年劇場 第118回公演『きみはいくさに征ったけれど』",2017
4863,記憶と記録のプロジェクト：『ランドスケープ｜ポートレイト―まちの写真屋の写真論』（岩手）,2017
4865,とうほくのこよみのよぶね（岩手）,2017
4867,松島湾とハゼ,2017
4870,海底タイムカプセル松島湾,2017
4871,塩づくりプログラムのためのリサーチおよび実験,2017
4875,湾域の文化を巡るプログラムのためのリサーチ,2017
4879,「松島湾の牡蠣図鑑」制作,2017
4880,記録アーカイブ・発信,2017
4884,子供を対象としたアウトリ－チ・ワークショップ,2017
4886,"東京シティ･バレエ団公演 「TOKYO CITY BALLET LIVE 2017」",2016
4889,子供とシニアのふれあい交流プログラム,2017
4895,ラジオ下神白―あのときあのまちの音楽からいまここへ（福島）,2017
4897,ワングラ×オノコロ場づくりプロジェクト「開いてみる」（福島）,2017
4899,「おとなりアーティスト！」デコって、張りこる～！！～不思議で楽しい張り子づくり,2017
4904,牧阿佐美バレヱ団『ドン・キホーテ』（全幕）,2017
4906,「おとなりアーティスト！」紙で絵地図を作ろう！,2017
4910,東京シティ・バレエ団創立50周年記念公演『白鳥の湖』～大いなる愛の讃歌～,2017
4912,おとなりアーティスト！」2017年学校連携共同ワークショップ参加校作品展,2017
4915,『ライモンダ』全幕,2017
4916,小池アミイゴの誰でも絵が描けるワークショップ「わたしのすきな柳津」,2017
4918,"現代舞踊公演 魂のDance in Tokyo",2017
4920,"Art Support Tohoku-Tokyo トークセッション #02　土地の記憶を紡ぐ術（アート）―東北の海と森の実践から",2017
4922,"劇団東京乾電池 ＥＴ×２ 第５回公演「ゴドーを待ちながら」",2016
4923,"第48回 邦楽演奏会",2017
4924,"FIELD RECORDING",2017
4929,第61回日本舞踊協会公演,2017
4930,"第58回 式能",2017
4931,"オフィス３〇〇公演 「鯨よ！私の手に乗れ」",2016
4933,"第49回 東京都民俗芸能大会 花風流（はなふりゅう）～うたとおどりの競い～",2017
4934,"二兎社公演４１ 「ザ・空気」",2016
4935,第48回都民寄席,2017
4938,タレンツ・トーキョー,2017
4939,"こまつ座　第１１６回公演 「私はだれでしょう」",2016
4941,連続講座「言葉を紡ぐ」,2017
4942,連続講座「体験を紡ぐ」,2017
4943,"日本大学芸術学部 博物館実習(2017年6月20日)",2017
4944,東京芸術大学(2017年6月28日),2017
4945,港区立御田小学校,2017
4946,"流山児★事務所 「だいこん・珍奇なゴドー」",2016
4947,"日本大学芸術学部 博物館実習(2017年6月23日)",2017
4948,品川区立浅間台小学校(2017年6月27日),2017
4949,公開講座「技術を深める」,2017
4950,公開講座「アートプロジェクトの今を共有する」,2017
4951,発行物,2017
4952,ココロの遺伝子,2016
4953,世田谷泉高校,2017
4954,「第３コーナー」のつくりかた：記録・編集・アーカイブ,2017
4955,荒川区図工部会,2017
4956,江戸川区立篠崎中学校,2017
4957,狛江第一中学校,2017
4958,"歴文財団ティーチャーズ プログラム",2017
4959,アートプロジェクトのつかまえかた：評価の視点／検証の手法,2017
4960,地域と文化と制度の研究会,2017
4961,"旅するリサーチ・ラボラトリーⅣ -フィールドワークと表現",2017
4962,アートプロジェクトの「言葉」に関するメディア開発：メディア／レターの届け方,2017
4963,アーカイブセンター開室,2017
4964,"Tokyo Art Research Lab オープンルーム2018",2017
4965,RITE,2016
4966,ベートーヴェン第九,2016
4968,"旅するリサーチ・ラボラトリーⅣ -フィールドワークと表現",2017
4969,"第47回邦楽演奏会  江戸・東京にちなんだ曲を中心に…",2016
4970,第60回記念　日本舞踊協会公演,2016
4972,第57回式能,2016
4973,"第48回東京都民俗芸能大会  ーおどけと笑いー",2016
4974,アーツカウンシル・フォーラム　オープン・フォーラム2018,2017
4976,シンポジウム,2017
4978,第47回都民寄席,2016
4979,山口情報芸術センター［YCAM］ワークショップ「Eye2Eye」,2017
4982,山口情報芸術センター［YCAM］ワークショップ「コトバ身体」」,2017
4983,"WSK: Festival of the Recently Possibleワークショップ　「“ 元気グルーブ” − 身近なものからレコードプレーヤーを作ろう！」",2017
4984,"Lifepatchワークショップ　「“ グリッチテープ”―音と映像をつくり出すシンセサイザーを作ろう！」",2017
4985,"「The Real of Liquid Asia ～今、アジアの音楽シーンはどこにあるのか～」",2017
4989,「ヨーロッパと日本におけるメディアアートシーン」,2017
4990,"「 新たな宇宙観をめぐって～マルチバース宇宙論と作品「datum」から～」",2017
4993,参加団体の活動紹介、厚生労働省「障害者文化活動普及支援事業」東京都支援センター「アーツサポ東京」について（社会福祉法人トット基金・佐藤宏美）、意見交換,2017
4995,今後の企画実現に向けたディスカッション,2017
4996,今後の企画実現に向けたディスカッション,2017
5009,"こども芸能体験ひろばin新宿 ～プロが教えてくれる伝統芸能ワークショップ～ 時間Ｂ",2017
5011,参加・体験・感動！ふれあいこどもまつり（稲城市）,2017
5014,有識者ヒアリング集の編纂,2017
5015,振興策について提案したい具体的なテーマの検討、ブレスト,2017
5019,振興策の各テーマについて、社会的価値・必要性についてのグループワーク,2017
5020,"""・ゲスト講師による芸術振興の変遷や事例についての 講義および意見交換 ・施策案のまとめ作業（理念づくり）""",2017
5021,施策案の精査,2017
5022,参加・体験・感動！ふれあいこどもまつり（品川区）,2017
5023,参加・体験・感動！ふれあいこどもまつり（清瀬市）,2017
5024,参加・体験・感動！ふれあいこどもまつり（文京区）,2017
5025,参加・体験・感動！ふれあいこどもまつり（立川市）,2017
5026,参加・体験・感動！ふれあいこどもまつり（江東区）,2017
5027,振興策、施策案の精査,2016
5028,振興策、施策案の精査、まとめ作業,2017
5030,第１回「カンパニーデラシネラの若手プロジェクト　３年間を振り返る」,2017
5031,"第２回「身体を透してみえてくるもの－更新をつづける国際ダンスフェスティバル Dance NewAir」",2017
5032,"第３回「より豊かな演劇のために― 『つくり方』 から模索し続けた庭劇団ペニノの３年間」",2017
5068,"鉄工島FES～運河を利用したMIXED MEDIA FES～",2017
5074,[2017]オーケストラコンサート,2017
5078,"第18回東京フィルメックス／TOKYO FILMeX 2017",2017
5081,アジア児童青少年舞台芸術フェスティバル2018,2017
5083,"フエルサ　ブルータ　WA! -Wonder Japan Experience",2017
5085,「プルートゥ　PLUTO」,2017
5087,MUTEK.JP,2017
5090,"TOKYO JAZZ WEEKEND 2017 ～みんなのジャズ～",2017
5095,観るひと・創るひと・製作するひとのための古典プロジェクト（仮）,2017
5096,東京国際音楽祭プレ大会,2017
5098,東京現音計画コンサート、アーカイブ,2016
5099,[2017]体験ワークショップ,2017
5100,「東京・暗渠劇」プロジェクト,2017
5101,[2017]ミニコンサート,2017
5102,渋谷ズンチャカ！,2017
5104,"まちたからフェスタ×とっておきの音楽祭 in Machida 2017",2017
5108,野外×アート×まちなか　トロールの森2017,2017
5117,"ここも東京　NISHITAMA にようこそ！－西多摩フォト聖地巡礼－",2017
5122,玉すだれ博覧会～日本人の知らないニッポンの芸能～,2017
5124,アジアの国際共同制作プロジェクト,2016
5125,SAP.AZNプロジェクト,2016
5128,中野フレッシュロックフェスティバル,2017
5130,こどもの城合唱団コンサート　～こどもたちからのサウンドメッセージ～,2017
5131,「エレクトロニコス・ファンタスティコス！」　～本祭Ｉ：家電雷鳴篇～,2017
5133,東京カラオケまつり,2017
5141,シニア劇団かぶつ・かんじゅく座による東京の島巡演の旅,2017
5145,"Responding to Ko Murobushi",2017
5148,新作・台湾演劇公演『同棲時間』,2017
5150,亡命中―ゲーテ・インスティトゥート・ダマスカス＠東京,2017
5152,"国際共同製作『RE/PLAY Dance Edit』",2016
5153,ユーラシアンオペラ東京2018,2017
5157,ロワイヤル・ドゥ・リュクス　シンポジウム＆リサーチ,2017
5159,雅歌,2017
5160,燐光群　アジア共同プロジェクト　日本・タイ・フィリピン合作『リタイアメン』（仮題）,2017
5161,アーティスト・サポート・プログラム,2016
5162,屋外収蔵,2016
5163,こどもの日イベント,2016
5164,没入体験型作品の海外展開そして新作メディアアートパフォーマンス公演,2016
5166,七夕のつどい,2016
5170,下町夕涼み,2016
5171,体験！発見！職人さん,2016
5180,"東京の音／The Sounds of Tokyo",2017
5184,"茨城県高等学校 文化連盟写真部会",2017
5185,練馬区立旭丘中学校,2017
5186,中央区立図工部会,2017
5188,日本大学芸術学部,2017
5189,歴文財団ティーチャーズプログラム,2017
5190,東京大学,2017
5191,公文国際学園中等部,2017
5192,練馬区立旭丘中学校,2017
5193,東京造形大学,2017
5195,東京藝術大学,2017
5196,京都造形大学,2017
5197,"夜間特別開園 紅葉とたてもののライトアップ",2016
5200,アサクサエンターテイメンツ,2017
5203,"[2017]実践講座 鑑賞",2017
5204,"咲かせよう！音楽の花 1）6ヶ月～18ヶ月（2017年1月21日）",2016
5206,常設展示,2017
5207,"咲かせよう！音楽の花 2）19ヶ月～35ヶ月（2017年1月21日）",2016
5208,"""ロンドン交響楽団と日本の音楽家との協働プロジェクト　～Discovery for 2020～""",2017
5210,"Music Clock 1）4歳～6歳（2017年1月21日）",2016
5211,【企画展】戦時下東京のこどもたち,2017
5212,"Music Clock 2）一般（2017年1月21日）",2016
5213,生命体テクノロジーファッション工房,2017
5214,"タネまき、タネまき、大きくなあれ！ 1）19ヶ月～35ヶ月（2017年1月22日）",2016
5215,"タネまき、タネまき、大きくなあれ！ 2）4歳～6歳（未就学児）（2017年1月22日）",2016
5216,【企画展】「発掘された日本列島2017」展,2017
5217,"ムジカ・ピッコラ 1）4歳～6歳（未就学児）（2017年1月22日）",2016
5218,一橋大学大学院,2017
5219,写真表現大学,2017
5220,帝京科学大学,2017
5221,NHK文化センター横浜教室,2017
5222,"日本大学    通信教育部",2017
5223,東京ネットウェイブ,2017
5224,"出前授業 港区立白金の丘小学校",2017
5225,渋谷区立加計塚小学校,2017
5226,江戸川区立第三松江小学校,2017
5227,筑波大付属駒場中学・高等学校,2017
5228,渋谷区立加計塚小学校（2017年12月19日）,2017
5229,渋谷区立加計塚小学校（2017年12月21日）,2017
5230,渋谷区立加計塚小学校（2017年12月22日）,2017
5231,港区立白金の丘小学校,2017
5232,京都造形芸術大学藝術学舎,2017
5233,"ムジカ・ピッコラ 2）一般（2017年1月22日）",2016
5234,【特集展示】東海道五拾三次展,2017
5235,"梅田宏明×東京藝術大学Synesensory Embodiment Project ワークインプログレス公演",2017
5238,【企画展】徳川将軍家へようこそ,2017
5240,"x-LAB 2018 TOKYO summer program",2017
5250,「江戸と北京-18世紀の都市と暮らし」展,2017
5251,ケアハウス松が谷デイルーム（2017年3月20日）,2016
5252,"台東区老人福祉センター 大集会室（2017年3月22日）",2016
5253,アンサンブル演奏会,2016
5256,"古典技法ワークショップ 鶏卵紙プリントワークショップ（Aコース）",2017
5258,"古典技法ワークショップ 鶏卵紙プリントワークショップ（Bコース）",2017
5259,"視覚障害者とつくる美術鑑賞ワークショップ 春期（Aコース）",2017
5260,"視覚障害者とつくる美術鑑賞ワークショップ 春期（Bコース）",2017
5261,2017　モノクロ銀塩プリントワークショップ（A/Bコース）,2017
5262,2017　モノクロ銀塩プリントワークショップ（C/Dコース）,2017
5266,第3回　演奏会,2016
5267,障害を起点とした新しい価値を探るデザインプロセスの実践vol.2,2017
5268,"Playable City Tokyo 2018",2017
5272,"""落合陽一＆日本フィルハーモニー交響楽団プロジェクト 音の視覚化・身体化による新たなオーケストラ体験創出事業（仮称）""",2017
5273,"VR 能　～最新VRテクノロジーによる能楽の世界発信プロジェクト～",2017
5275,芸劇ジュニア･アンサンブル・アカデミー,2016
5276,ライゾマティクスリサーチ×イレブンプレイ新作公演制作プロジェクト,2017
5277,echo（エコー）,2017
5280,"Altanative Act 1.0 -Tech Performance Fes-",2017
5281,"MeCA l Media Culture in Asia: A Transnational Platform",2017
5286,"""人工生命国際会議パブリックプログラム　アンドロイド・コンサート Scary Beauty 日本科学未来館公演""",2017
5287,未来の渋谷の運動会,2017
5290,"Tokyo Tokyo FESTIVAL企画公募事業",2017
5291,じっくり見たり、つくったりしよう！春期（Aコース）,2017
5292,じっくり見たり、つくったりしよう！春期（Bコース）,2017
5293,"クロマキーランド どこでも記念撮影（場所：アトレ恵比寿4階 ラフォンテーヌ広場）",2017
5294,"フォトドキュメンタリーワークショップ 2017",2017
5295,フォトドキュメンタリーワークショップ一般公開レヴュー,2017
5296,"夏休みワークショップ 手作りの家族写真 暗室でのモノクロ現像に挑戦！（A/Bコース）",2017
5297,"夏休みワークショップ 手作りの家族写真 暗室でのモノクロ現像に挑戦！（C/Dコース）",2017
5298,じっくり見たり、つくったりしよう！夏期（Aコース）,2017
5299,じっくり見たり、つくったりしよう！夏期（Bコース）,2017
5300,"視覚障害者とつくる美術鑑賞ワークショップ 夏期",2017
5302,江戸の正月を楽しもう,2016
5303,ペルゴレージ　歌劇「オリンピーアデ」,2017
5307,子規生誕150年記念　オペラ「病牀六尺に生きる」,2017
5308,正月の昔あそび,2016
5309,オペラ「セヴィリアの理髪師の結婚」,2017
5311,たてもの園フェスティバル,2016
5313,ジャズ・ワールドビート2017,2017
5314,8ミリ自家現像ワークショップ,2017
5315,8ミリ自家現像ワークショップ発表上映会,2017
5316,じっくり見たり、つくったりしよう！秋期（Aコース）,2017
5317,"視覚障害者とつくる美術鑑賞ワークショップ 秋期",2017
5318,モノクロ銀塩プリントワークショップ（A/Bコース）,2017
5319,じっくり見たり、つくったりしよう！秋期（Bコース）,2017
5320,モノクロ銀塩プリントワークショップ（C/Dコース）,2017
5321,手作りアニメーション体験午前コース,2017
5322,手作りアニメーション体験午後コース,2017
5323,"高校生限定 暗室でモノクロ写真プリントワークショップ",2017
5324,"アンサンブル・ノマド結成20周年記念定期演奏会 饗宴Vol.1～4",2017
5326,"栗コーダー＆フレンズ　アジア６カ国 ミュージック＆アート　 共同制作プロジェクト",2017
5330,"アンサンブル・ノマド定期演奏会 第56～58回「照らし合うもの Vol.1-3」",2017
5331,伝統工芸の実演,2016
5332,絨毯座ヴァイル・プロジェクト３『マハゴニー市の興亡』,2017
5334,第十二回本公演「滅びの国」,2017
5336,ゴーレム,2017
5337,Q『毛美子不毛話』韓国公演,2017
5339,亜細亜の骨　演劇でアジアを繋ぐ！企画,2017
5344,"リクウズルーム× 努力クラブ 合同公演「飾」『Are you　wearing clothes?』",2017
5345,ロロvol.13『BGM』,2017
5346,俺が代　ルーマニアツアー,2017
5349,"M プロジェクト「Mother」ヨーロッパツアー",2017
5357,写真開拓史講座　初期写真を巡る講演会「‶写真”と‶文献”資料から読み解く写真史」,2017
5358,チェルフィッチュ　『部屋に流れる時間の旅』東京公演,2017
5360,贅沢貧乏『みんなよるがこわい』中国ツアー,2017
5363,"マームとジプシー５月公演「sheep sleep sharp」",2017
5365,新聞家『白む』,2017
5366,写真開拓史講座　初期写真を巡る講演会「初期写真を見ることについて」,2017
5367,写真開拓史講座　初期写真を巡る講演会「初期写真をめぐる定着されたものたちの話」,2017
5368,対談「山崎博をめぐって」,2017
5369,"U-zhaan（ユザーン）×新井孝弘 インド古典音楽ライブ",2017
5370,ZOO,2017
5371,"ヌトミック新作公演『SUPER HUMAN』",2017
5373,ニカサン演劇公演『偶数と奇数』,2017
5375,「HYBRID＊K」,2017
5376,"講演会 畠山直哉",2017
5377,"関連トーク「22世紀アラーキー論 ―ずっと、センチメンタル―」",2017
5378,朗読会＋トーク,2017
5379,アーティストトーク,2017
5380,第10回恵比寿映像祭・国際シンポジウム：インヴィジブル、インターメディア、エクスパンデッド―映像の可能性,2017
5381,"こども芸能体験ひろば in 三鷹",2017
5382,"こども芸能体験ひろばin新宿 ～プロが教えてくれる伝統芸能ワークショップ～ 時間Ａ",2017
5384,『ささらもさら』ワールドツアー,2017
5388,第５回ボディラディカル国際舞台芸術ビエンナーレ,2017
5390,「ロミオとジュリエット～踊る戯曲IV～」,2017
5392,"ダンスがみたい！ 19 白鳥の湖",2017
5393,"関かおりPUNCTUMUN 新作公演「うとぅり」",2017
5394,作家とゲストによるトーク,2017
5395,アーティスト対談,2017
5396,関連トーク「ウジェーヌ・アジェの写真を紐解く」,2017
5397,関連トーク「ウジェーヌ・アジェの写真集をめぐって」,2017
5398,ユージン・スミスの生きた時代,2017
5399,トーク「新興写真とはなんだったのか」,2017
5400,"活動写真 アフガニスタン山の学校の子どもたち」",2017
5401,特別対談「たった一人の戦場」を語る,2017
5402,講演会「審査員よもやまばなし」,2017
5403,イベント「ワクワクドキドキ写真教室」,2017
5404,"イベント「単焦点レンズを楽しもう！ 」",2017
5405,グランプリ選出公開審査会,2017
5406,ポートフォリオ・レビュー,2017
5407,映像レクチャー,2017
5408,写真レクチャー,2017
5409,ユージン・スミスを語る,2017
5410,"総合開館20周年記念 夜明けまえ 知られざる日本写真開拓史 総集編",2017
5411,"総合開館20周年記念 山崎博    計画と偶然",2017
5412,"総合開館20周年記念 TOPコレクション「いま、ここにいる」平成をスクロールする    春期",2017
5413,"総合開館20周年記念 ダヤニータ・シン    インドの大きな家の美術館",2017
5414,"総合開館20周年記念 TOPコレクション「コミュニケーションと孤独」平成をスクロールする    夏期",2017
5415,"総合開館20周年記念 荒木経惟 センチメンタルな旅 1971－2017－",2017
5416,エクスパンデッド・シネマ再考,2017
5417,"＋81 新作公演『Que・Sera』〜ケ・セラ〜",2017
5419,"Baobab ディレクション公演『DANCE × Scrum!!!2』",2017
5420,"Co.Ruri Mito2017年ヨーロッパツアー",2017
5425,"新人H ソケリッサ！東京近郊路上ダンス「日々荒野」ツアー",2017
5429,"POST BODY / NATURE",2017
5432,"笹岡啓子個展「PARK CITY」",2017
5434,小泉明郎展「帝国は今日も歌う」,2017
5436,"ジョアン・ミロ財団主催「The Way Things Do」展への新作制作及びHangar での滞在制作",2017
5439,"石塚元太良写真展「GLAICIER DIALY」",2017
5441,"FAST FORWARD FESTIVAL（ アテネ）への参加",2017
5444,"Don’t Follow the Wind: Non-Visitor Center Athens",2017
5446,アントン・ヴィドクル来日制作,2017
5449,"第７回 杵屋勝四郎リサイタル",2017
5450,雅楽ヨーロッパ公演,2017
5459,"第31回 現代邦楽作曲家連盟作品演奏会",2017
5460,"第14回 ユネスコ記念能",2017
5461,語り芸パースペクティブ,2017
5465,"創邦21 第15回作品演奏会",2017
5466,"第３回 歳松会コンサート ～心に響く鼓の世界～",2017
5467,伝統芸能コトハジメ2018,2017
5473,7つのトランスフォニー,2017
5475,ブレイブ・ニュー・エクササイズ：記憶された運動,2017
5476,不純物と免疫,2017
5477,reC_TECH,2017
5478,ヴァーレンヴィルトシャフト,2017
